"filename","num_eggs","visible_hens"
"EggCheck_image_2016-06-12_0000.jpg",0,0
"EggCheck_image_2016-06-12_0030.jpg",0,0
"EggCheck_image_2016-06-12_0100.jpg",0,0
"EggCheck_image_2016-06-12_0130.jpg",0,0
"EggCheck_image_2016-06-12_0200.jpg",0,0
"EggCheck_image_2016-06-12_0230.jpg",0,0
"EggCheck_image_2016-06-12_0300.jpg",0,0
"EggCheck_image_2016-06-12_0330.jpg",0,0
"EggCheck_image_2016-06-12_0400.jpg",0,0
"EggCheck_image_2016-06-12_0430.jpg",0,0
"EggCheck_image_2016-06-12_0500.jpg",0,0
"EggCheck_image_2016-06-12_0530.jpg",0,0
"EggCheck_image_2016-06-12_0600.jpg",0,0
"EggCheck_image_2016-06-12_0630.jpg",0,0
"EggCheck_image_2016-06-12_0700.jpg",0,1
"EggCheck_image_2016-06-12_0730.jpg",0,1
"EggCheck_image_2016-06-12_0800.jpg",1,0
"EggCheck_image_2016-06-12_0830.jpg",1,0
"EggCheck_image_2016-06-12_0900.jpg",1,0
"EggCheck_image_2016-06-12_0930.jpg",1,0
"EggCheck_image_2016-06-12_1000.jpg",0,1
"EggCheck_image_2016-06-12_1030.jpg",1,0
"EggCheck_image_2016-06-12_1100.jpg",1,0
"EggCheck_image_2016-06-12_1130.jpg",1,0
"EggCheck_image_2016-06-12_1200.jpg",1,0
"EggCheck_image_2016-06-12_1230.jpg",0,1
"EggCheck_image_2016-06-12_1300.jpg",0,1
"EggCheck_image_2016-06-12_1330.jpg",1,0
"EggCheck_image_2016-06-12_1400.jpg",1,1
"EggCheck_image_2016-06-12_1430.jpg",2,1
"EggCheck_image_2016-06-12_1500.jpg",0,1
"EggCheck_image_2016-06-12_1530.jpg",0,1
"EggCheck_image_2016-06-12_1600.jpg",0,1
"EggCheck_image_2016-06-12_1630.jpg",0,1
"EggCheck_image_2016-06-12_1700.jpg",1,0
"EggCheck_image_2016-06-12_1730.jpg",0,0
"EggCheck_image_2016-06-12_1800.jpg",0,0
"EggCheck_image_2016-06-12_1830.jpg",0,0
"EggCheck_image_2016-06-12_1900.jpg",0,0
"EggCheck_image_2016-06-12_1930.jpg",0,0
"EggCheck_image_2016-06-12_2000.jpg",0,0
"EggCheck_image_2016-06-12_2030.jpg",0,0
"EggCheck_image_2016-06-12_2100.jpg",0,0
"EggCheck_image_2016-06-12_2130.jpg",0,0
"EggCheck_image_2016-06-12_2200.jpg",0,0
"EggCheck_image_2016-06-12_2230.jpg",0,0
"EggCheck_image_2016-06-12_2300.jpg",0,0
"EggCheck_image_2016-06-12_2330.jpg",0,0
"EggCheck_image_2016-06-13_0000.jpg",0,0
"EggCheck_image_2016-06-13_0030.jpg",0,0
"EggCheck_image_2016-06-13_0100.jpg",0,0
"EggCheck_image_2016-06-13_0130.jpg",0,0
"EggCheck_image_2016-06-13_0200.jpg",0,0
"EggCheck_image_2016-06-13_0230.jpg",0,0
"EggCheck_image_2016-06-13_0300.jpg",0,0
"EggCheck_image_2016-06-13_0330.jpg",0,0
"EggCheck_image_2016-06-13_0400.jpg",0,0
"EggCheck_image_2016-06-13_0430.jpg",0,0
"EggCheck_image_2016-06-13_0500.jpg",0,0
"EggCheck_image_2016-06-13_0530.jpg",0,0
"EggCheck_image_2016-06-13_0600.jpg",0,0
"EggCheck_image_2016-06-13_0630.jpg",0,0
"EggCheck_image_2016-06-13_0700.jpg",0,1
"EggCheck_image_2016-06-13_0730.jpg",0,1
"EggCheck_image_2016-06-13_0800.jpg",1,0
"EggCheck_image_2016-06-13_0830.jpg",1,0
"EggCheck_image_2016-06-13_0900.jpg",1,0
"EggCheck_image_2016-06-13_0930.jpg",1,0
"EggCheck_image_2016-06-13_1000.jpg",1,0
"EggCheck_image_2016-06-13_1030.jpg",1,0
"EggCheck_image_2016-06-13_1100.jpg",0,1
"EggCheck_image_2016-06-13_1130.jpg",1,0
"EggCheck_image_2016-06-13_1200.jpg",0,0
"EggCheck_image_2016-06-13_1230.jpg",0,0
"EggCheck_image_2016-06-13_1300.jpg",0,0
"EggCheck_image_2016-06-13_1330.jpg",0,0
"EggCheck_image_2016-06-13_1400.jpg",0,0
"EggCheck_image_2016-06-13_1430.jpg",0,0
"EggCheck_image_2016-06-13_1500.jpg",0,0
"EggCheck_image_2016-06-13_1530.jpg",0,0
"EggCheck_image_2016-06-13_1600.jpg",0,0
"EggCheck_image_2016-06-13_1630.jpg",0,0
"EggCheck_image_2016-06-13_1700.jpg",0,0
"EggCheck_image_2016-06-13_1730.jpg",0,0
"EggCheck_image_2016-06-13_1800.jpg",0,0
"EggCheck_image_2016-06-13_1830.jpg",0,0
"EggCheck_image_2016-06-13_1900.jpg",0,0
"EggCheck_image_2016-06-13_1930.jpg",0,0
"EggCheck_image_2016-06-13_2000.jpg",0,0
"EggCheck_image_2016-06-13_2030.jpg",0,0
"EggCheck_image_2016-06-13_2100.jpg",0,0
"EggCheck_image_2016-06-13_2130.jpg",0,0
"EggCheck_image_2016-06-13_2200.jpg",0,0
"EggCheck_image_2016-06-13_2230.jpg",0,0
"EggCheck_image_2016-06-13_2300.jpg",0,0
"EggCheck_image_2016-06-13_2330.jpg",0,0
"EggCheck_image_2016-06-14_0000.jpg",0,0
"EggCheck_image_2016-06-14_0030.jpg",0,0
"EggCheck_image_2016-06-14_0100.jpg",0,0
"EggCheck_image_2016-06-14_0130.jpg",0,0
"EggCheck_image_2016-06-14_0200.jpg",0,0
"EggCheck_image_2016-06-14_0230.jpg",0,0
"EggCheck_image_2016-06-14_0300.jpg",0,0
"EggCheck_image_2016-06-14_0330.jpg",0,0
"EggCheck_image_2016-06-14_0400.jpg",0,0
"EggCheck_image_2016-06-14_0430.jpg",0,0
"EggCheck_image_2016-06-14_0500.jpg",0,0
"EggCheck_image_2016-06-14_0530.jpg",0,0
"EggCheck_image_2016-06-14_0600.jpg",0,1
"EggCheck_image_2016-06-14_0630.jpg",0,1
"EggCheck_image_2016-06-14_0700.jpg",0,1
"EggCheck_image_2016-06-14_0730.jpg",0,1
"EggCheck_image_2016-06-14_0800.jpg",0,1
"EggCheck_image_2016-06-14_0830.jpg",3,1
"EggCheck_image_2016-06-14_0900.jpg",2,1
"EggCheck_image_2016-06-14_0930.jpg",2,1
"EggCheck_image_2016-06-14_1000.jpg",6,0
"EggCheck_image_2016-06-14_1030.jpg",6,0
"EggCheck_image_2016-06-14_1100.jpg",4,1
"EggCheck_image_2016-06-14_1130.jpg",4,1
"EggCheck_image_2016-06-14_1200.jpg",6,0
"EggCheck_image_2016-06-14_1230.jpg",6,0
"EggCheck_image_2016-06-14_1300.jpg",6,1
"EggCheck_image_2016-06-14_1330.jpg",4,1
"EggCheck_image_2016-06-14_1400.jpg",7,0
"EggCheck_image_2016-06-14_1430.jpg",7,0
"EggCheck_image_2016-06-14_1500.jpg",7,0
"EggCheck_image_2016-06-14_1530.jpg",7,0
"EggCheck_image_2016-06-14_1600.jpg",7,0
"EggCheck_image_2016-06-14_1630.jpg",7,0
"EggCheck_image_2016-06-14_1700.jpg",0,0
"EggCheck_image_2016-06-14_1730.jpg",0,0
"EggCheck_image_2016-06-14_1800.jpg",0,0
"EggCheck_image_2016-06-14_2330.jpg",0,0
"EggCheck_image_2016-06-15_1809.jpg",0,0
"EggCheck_image_2016-06-15_1830.jpg",0,0
"EggCheck_image_2016-06-15_1900.jpg",0,0
"EggCheck_image_2016-06-15_1930.jpg",0,0
"EggCheck_image_2016-06-15_2000.jpg",0,0
"EggCheck_image_2016-06-15_2030.jpg",0,0
"EggCheck_image_2016-06-15_2100.jpg",0,0
"EggCheck_image_2016-06-15_2130.jpg",0,0
"EggCheck_image_2016-06-15_2200.jpg",0,0
"EggCheck_image_2016-06-15_2230.jpg",0,0
"EggCheck_image_2016-06-15_2300.jpg",0,0
"EggCheck_image_2016-06-15_2330.jpg",0,0
"EggCheck_image_2016-06-16_0000.jpg",0,0
"EggCheck_image_2016-06-16_0030.jpg",0,0
"EggCheck_image_2016-06-16_0100.jpg",0,0
"EggCheck_image_2016-06-16_0130.jpg",0,0
"EggCheck_image_2016-06-16_0200.jpg",0,0
"EggCheck_image_2016-06-16_0230.jpg",0,0
"EggCheck_image_2016-06-16_0300.jpg",0,0
"EggCheck_image_2016-06-16_0330.jpg",0,0
"EggCheck_image_2016-06-16_0400.jpg",0,0
"EggCheck_image_2016-06-16_0430.jpg",0,0
"EggCheck_image_2016-06-16_0500.jpg",0,0
"EggCheck_image_2016-06-16_0530.jpg",0,0
"EggCheck_image_2016-06-16_0600.jpg",0,0
"EggCheck_image_2016-06-16_0630.jpg",0,0
"EggCheck_image_2016-06-16_0700.jpg",0,1
"EggCheck_image_2016-06-16_0730.jpg",0,1
"EggCheck_image_2016-06-16_0800.jpg",2,0
"EggCheck_image_2016-06-16_0830.jpg",0,1
"EggCheck_image_2016-06-16_0900.jpg",0,1
"EggCheck_image_2016-06-16_0930.jpg",3,0
"EggCheck_image_2016-06-16_1000.jpg",0,1
"EggCheck_image_2016-06-16_1030.jpg",0,1
"EggCheck_image_2016-06-16_1100.jpg",4,0
"EggCheck_image_2016-06-16_1130.jpg",5,0
"EggCheck_image_2016-06-16_1200.jpg",5,0
"EggCheck_image_2016-06-16_1230.jpg",5,0
"EggCheck_image_2016-06-16_1300.jpg",5,0
"EggCheck_image_2016-06-16_1330.jpg",5,0
"EggCheck_image_2016-06-16_1400.jpg",5,0
"EggCheck_image_2016-06-16_1430.jpg",5,0
"EggCheck_image_2016-06-16_1500.jpg",5,0
"EggCheck_image_2016-06-16_1530.jpg",0,0
"EggCheck_image_2016-06-16_1600.jpg",0,0
"EggCheck_image_2016-06-16_1630.jpg",0,0
"EggCheck_image_2016-06-16_1700.jpg",0,0
"EggCheck_image_2016-06-16_1730.jpg",0,0
"EggCheck_image_2016-06-16_1800.jpg",0,0
"EggCheck_image_2016-06-16_1830.jpg",0,0
"EggCheck_image_2016-06-16_1900.jpg",0,0
"EggCheck_image_2016-06-16_1930.jpg",0,0
"EggCheck_image_2016-06-16_2000.jpg",0,0
"EggCheck_image_2016-06-16_2030.jpg",0,0
"EggCheck_image_2016-06-16_2100.jpg",0,0
"EggCheck_image_2016-06-16_2130.jpg",0,0
"EggCheck_image_2016-06-16_2200.jpg",0,0
"EggCheck_image_2016-06-16_2230.jpg",0,0
"EggCheck_image_2016-06-16_2300.jpg",0,0
"EggCheck_image_2016-06-16_2330.jpg",0,0
"EggCheck_image_2016-06-17_0000.jpg",0,0
"EggCheck_image_2016-06-17_0030.jpg",0,0
"EggCheck_image_2016-06-17_0100.jpg",0,0
"EggCheck_image_2016-06-17_0130.jpg",0,0
"EggCheck_image_2016-06-17_0200.jpg",0,0
"EggCheck_image_2016-06-17_0230.jpg",0,0
"EggCheck_image_2016-06-17_0300.jpg",0,0
"EggCheck_image_2016-06-17_0330.jpg",0,0
"EggCheck_image_2016-06-17_0400.jpg",0,0
"EggCheck_image_2016-06-17_0430.jpg",0,0
"EggCheck_image_2016-06-17_0500.jpg",0,0
"EggCheck_image_2016-06-17_0530.jpg",0,0
"EggCheck_image_2016-06-17_0600.jpg",0,0
"EggCheck_image_2016-06-17_0630.jpg",0,0
"EggCheck_image_2016-06-17_0700.jpg",0,1
"EggCheck_image_2016-06-17_0730.jpg",0,1
"EggCheck_image_2016-06-17_0800.jpg",0,1
"EggCheck_image_2016-06-17_0830.jpg",0,1
"EggCheck_image_2016-06-17_0900.jpg",0,1
"EggCheck_image_2016-06-17_0930.jpg",0,1
"EggCheck_image_2016-06-17_1000.jpg",0,1
"EggCheck_image_2016-06-17_1030.jpg",6,0
"EggCheck_image_2016-06-17_1100.jpg",6,0
"EggCheck_image_2016-06-17_1130.jpg",6,0
"EggCheck_image_2016-06-17_1200.jpg",6,0
"EggCheck_image_2016-06-17_1230.jpg",6,0
"EggCheck_image_2016-06-17_1300.jpg",6,0
"EggCheck_image_2016-06-17_1330.jpg",6,0
"EggCheck_image_2016-06-17_1400.jpg",3,1
"EggCheck_image_2016-06-17_1430.jpg",0,1
"EggCheck_image_2016-06-17_1500.jpg",7,1
"EggCheck_image_2016-06-17_1530.jpg",7,0
"EggCheck_image_2016-06-17_1600.jpg",7,0
"EggCheck_image_2016-06-17_1630.jpg",7,0
"EggCheck_image_2016-06-17_1700.jpg",7,0
"EggCheck_image_2016-06-17_1730.jpg",7,0
"EggCheck_image_2016-06-17_1800.jpg",7,0
"EggCheck_image_2016-06-17_1830.jpg",7,0
"EggCheck_image_2016-06-17_1900.jpg",7,0
"EggCheck_image_2016-06-17_1930.jpg",7,0
"EggCheck_image_2016-06-17_2000.jpg",7,0
"EggCheck_image_2016-06-17_2030.jpg",7,0
"EggCheck_image_2016-06-17_2100.jpg",7,0
"EggCheck_image_2016-06-17_2130.jpg",7,0
"EggCheck_image_2016-06-17_2200.jpg",7,0
"EggCheck_image_2016-06-17_2230.jpg",7,0
"EggCheck_image_2016-06-17_2300.jpg",7,0
"EggCheck_image_2016-06-17_2330.jpg",7,0
"EggCheck_image_2016-06-18_0000.jpg",7,0
"EggCheck_image_2016-06-18_0030.jpg",7,0
"EggCheck_image_2016-06-18_0100.jpg",7,0
"EggCheck_image_2016-06-18_0130.jpg",7,0
"EggCheck_image_2016-06-18_0200.jpg",7,0
"EggCheck_image_2016-06-18_0230.jpg",7,0
"EggCheck_image_2016-06-18_0300.jpg",7,0
"EggCheck_image_2016-06-18_0330.jpg",7,0
"EggCheck_image_2016-06-18_0400.jpg",7,0
"EggCheck_image_2016-06-18_0430.jpg",7,0
"EggCheck_image_2016-06-18_0500.jpg",7,0
"EggCheck_image_2016-06-18_0530.jpg",7,0
"EggCheck_image_2016-06-18_0600.jpg",0,1
"EggCheck_image_2016-06-18_0630.jpg",8,0
"EggCheck_image_2016-06-18_0700.jpg",8,0
"EggCheck_image_2016-06-18_0730.jpg",8,0
"EggCheck_image_2016-06-18_0800.jpg",8,0
"EggCheck_image_2016-06-18_0830.jpg",8,0
"EggCheck_image_2016-06-18_0900.jpg",8,0
"EggCheck_image_2016-06-18_0930.jpg",8,1
"EggCheck_image_2016-06-18_1000.jpg",3,1
"EggCheck_image_2016-06-18_1030.jpg",10,0
"EggCheck_image_2016-06-18_1100.jpg",1,0
"EggCheck_image_2016-06-18_1130.jpg",1,0
"EggCheck_image_2016-06-18_1200.jpg",0,1
"EggCheck_image_2016-06-18_1230.jpg",0,1
"EggCheck_image_2016-06-18_1300.jpg",0,1
"EggCheck_image_2016-06-18_1330.jpg",0,1
"EggCheck_image_2016-06-18_1400.jpg",3,0
"EggCheck_image_2016-06-18_1430.jpg",3,0
"EggCheck_image_2016-06-18_1500.jpg",3,0
"EggCheck_image_2016-06-18_1530.jpg",3,0
"EggCheck_image_2016-06-18_1600.jpg",3,0
"EggCheck_image_2016-06-18_1630.jpg",3,0
"EggCheck_image_2016-06-18_1700.jpg",3,0
"EggCheck_image_2016-06-18_1730.jpg",3,0
"EggCheck_image_2016-06-18_1800.jpg",3,0
"EggCheck_image_2016-06-18_1830.jpg",3,0
"EggCheck_image_2016-06-18_1900.jpg",3,0
"EggCheck_image_2016-06-18_1930.jpg",3,0
"EggCheck_image_2016-06-18_2000.jpg",3,0
"EggCheck_image_2016-06-18_2030.jpg",3,0
"EggCheck_image_2016-06-18_2100.jpg",3,0
"EggCheck_image_2016-06-18_2130.jpg",3,0
"EggCheck_image_2016-06-18_2200.jpg",3,0
"EggCheck_image_2016-06-18_2230.jpg",3,0
"EggCheck_image_2016-06-18_2300.jpg",3,0
"EggCheck_image_2016-06-18_2330.jpg",3,0
"EggCheck_image_2016-06-19_0000.jpg",3,0
"EggCheck_image_2016-06-19_0030.jpg",3,0
"EggCheck_image_2016-06-19_0100.jpg",3,0
"EggCheck_image_2016-06-19_0130.jpg",3,0
"EggCheck_image_2016-06-19_0200.jpg",3,0
"EggCheck_image_2016-06-19_0230.jpg",3,0
"EggCheck_image_2016-06-19_0300.jpg",3,0
"EggCheck_image_2016-06-19_0330.jpg",3,0
"EggCheck_image_2016-06-19_0400.jpg",3,0
"EggCheck_image_2016-06-19_0430.jpg",3,0
"EggCheck_image_2016-06-19_0500.jpg",3,0
"EggCheck_image_2016-06-19_0530.jpg",3,0
"EggCheck_image_2016-06-19_0600.jpg",3,0
"EggCheck_image_2016-06-19_0630.jpg",1,1
"EggCheck_image_2016-06-19_0700.jpg",5,0
"EggCheck_image_2016-06-19_0730.jpg",5,0
"EggCheck_image_2016-06-19_0800.jpg",5,0
"EggCheck_image_2016-06-19_0830.jpg",5,0
"EggCheck_image_2016-06-19_0900.jpg",1,1
"EggCheck_image_2016-06-19_0930.jpg",1,1
"EggCheck_image_2016-06-19_1000.jpg",1,1
"EggCheck_image_2016-06-19_1030.jpg",1,1
"EggCheck_image_2016-06-19_1100.jpg",1,1
"EggCheck_image_2016-06-19_1130.jpg",0,0
"EggCheck_image_2016-06-19_1200.jpg",0,0
"EggCheck_image_2016-06-19_1230.jpg",0,0
"EggCheck_image_2016-06-19_1300.jpg",0,0
"EggCheck_image_2016-06-19_1330.jpg",0,0
"EggCheck_image_2016-06-19_1400.jpg",0,0
"EggCheck_image_2016-06-19_1430.jpg",0,0
"EggCheck_image_2016-06-19_1500.jpg",0,0
"EggCheck_image_2016-06-19_1530.jpg",0,0
"EggCheck_image_2016-06-19_1600.jpg",0,0
"EggCheck_image_2016-06-19_1630.jpg",0,0
"EggCheck_image_2016-06-19_1700.jpg",0,0
"EggCheck_image_2016-06-19_1730.jpg",0,0
"EggCheck_image_2016-06-19_1800.jpg",0,0
"EggCheck_image_2016-06-19_1830.jpg",0,0
"EggCheck_image_2016-06-19_1900.jpg",0,0
"EggCheck_image_2016-06-19_1930.jpg",0,0
"EggCheck_image_2016-06-19_2000.jpg",0,0
"EggCheck_image_2016-06-19_2030.jpg",0,0
"EggCheck_image_2016-06-19_2100.jpg",0,0
"EggCheck_image_2016-06-19_2130.jpg",0,0
"EggCheck_image_2016-06-19_2200.jpg",0,0
"EggCheck_image_2016-06-19_2230.jpg",0,0
"EggCheck_image_2016-06-19_2300.jpg",0,0
"EggCheck_image_2016-06-19_2330.jpg",0,0
"EggCheck_image_2016-06-20_0000.jpg",0,0
"EggCheck_image_2016-06-20_0030.jpg",0,0
"EggCheck_image_2016-06-20_0100.jpg",0,0
"EggCheck_image_2016-06-20_0130.jpg",0,0
"EggCheck_image_2016-06-20_0200.jpg",0,0
"EggCheck_image_2016-06-20_0230.jpg",0,0
"EggCheck_image_2016-06-20_0300.jpg",0,0
"EggCheck_image_2016-06-20_0330.jpg",0,0
"EggCheck_image_2016-06-20_0400.jpg",0,0
"EggCheck_image_2016-06-20_0430.jpg",0,0
"EggCheck_image_2016-06-20_0500.jpg",0,0
"EggCheck_image_2016-06-20_0530.jpg",0,0
"EggCheck_image_2016-06-20_0600.jpg",0,0
"EggCheck_image_2016-06-20_0630.jpg",0,0
"EggCheck_image_2016-06-20_0700.jpg",0,0
"EggCheck_image_2016-06-20_0730.jpg",0,1
"EggCheck_image_2016-06-20_0800.jpg",0,1
"EggCheck_image_2016-06-20_0830.jpg",0,1
"EggCheck_image_2016-06-20_0900.jpg",0,1
"EggCheck_image_2016-06-20_0930.jpg",0,1
"EggCheck_image_2016-06-20_1000.jpg",0,1
"EggCheck_image_2016-06-20_1030.jpg",4,0
"EggCheck_image_2016-06-20_1100.jpg",0,1
"EggCheck_image_2016-06-20_1130.jpg",5,0
"EggCheck_image_2016-06-20_1200.jpg",5,0
"EggCheck_image_2016-06-20_1230.jpg",5,0
"EggCheck_image_2016-06-20_1300.jpg",0,1
"EggCheck_image_2016-06-20_1330.jpg",0,1
"EggCheck_image_2016-06-20_1400.jpg",0,1
"EggCheck_image_2016-06-20_1430.jpg",6,0
"EggCheck_image_2016-06-20_1500.jpg",6,0
"EggCheck_image_2016-06-20_1530.jpg",6,0
"EggCheck_image_2016-06-20_1600.jpg",6,0
"EggCheck_image_2016-06-20_1630.jpg",6,0
"EggCheck_image_2016-06-20_1700.jpg",6,0
"EggCheck_image_2016-06-20_1730.jpg",6,0
"EggCheck_image_2016-06-20_1800.jpg",6,0
"EggCheck_image_2016-06-20_1830.jpg",6,0
"EggCheck_image_2016-06-20_1900.jpg",0,0
"EggCheck_image_2016-06-20_1930.jpg",0,0
"EggCheck_image_2016-06-20_2000.jpg",0,0
"EggCheck_image_2016-06-20_2030.jpg",0,0
"EggCheck_image_2016-06-20_2100.jpg",0,0
"EggCheck_image_2016-06-20_2130.jpg",0,0
"EggCheck_image_2016-06-20_2200.jpg",0,0
"EggCheck_image_2016-06-20_2230.jpg",0,0
"EggCheck_image_2016-06-20_2300.jpg",0,0
"EggCheck_image_2016-06-20_2330.jpg",0,0
"EggCheck_image_2016-06-21_0000.jpg",0,0
"EggCheck_image_2016-06-21_0030.jpg",0,0
"EggCheck_image_2016-06-21_0100.jpg",0,0
"EggCheck_image_2016-06-21_0130.jpg",0,0
"EggCheck_image_2016-06-21_0200.jpg",0,0
"EggCheck_image_2016-06-21_0230.jpg",0,0
"EggCheck_image_2016-06-21_0300.jpg",0,0
"EggCheck_image_2016-06-21_0330.jpg",0,0
"EggCheck_image_2016-06-21_0400.jpg",0,0
"EggCheck_image_2016-06-21_0430.jpg",0,0
"EggCheck_image_2016-06-21_0500.jpg",0,0
"EggCheck_image_2016-06-21_0530.jpg",0,0
"EggCheck_image_2016-06-21_0600.jpg",0,0
"EggCheck_image_2016-06-21_0630.jpg",0,1
"EggCheck_image_2016-06-21_0700.jpg",0,1
"EggCheck_image_2016-06-21_0730.jpg",1,0
"EggCheck_image_2016-06-21_0800.jpg",1,0
"EggCheck_image_2016-06-21_0830.jpg",0,1
"EggCheck_image_2016-06-21_0900.jpg",0,1
"EggCheck_image_2016-06-21_0930.jpg",0,1
"EggCheck_image_2016-06-21_1000.jpg",0,1
"EggCheck_image_2016-06-21_1030.jpg",0,1
"EggCheck_image_2016-06-21_1100.jpg",0,1
"EggCheck_image_2016-06-21_1130.jpg",0,1
"EggCheck_image_2016-06-21_1200.jpg",0,1
"EggCheck_image_2016-06-21_1230.jpg",4,0
"EggCheck_image_2016-06-21_1300.jpg",0,1
"EggCheck_image_2016-06-21_1330.jpg",5,0
"EggCheck_image_2016-06-21_1400.jpg",5,0
"EggCheck_image_2016-06-21_1430.jpg",5,0
"EggCheck_image_2016-06-21_1500.jpg",5,0
"EggCheck_image_2016-06-21_1530.jpg",5,0
"EggCheck_image_2016-06-21_1600.jpg",5,0
"EggCheck_image_2016-06-21_1630.jpg",5,0
"EggCheck_image_2016-06-21_1700.jpg",0,0
"EggCheck_image_2016-06-21_1730.jpg",0,0
"EggCheck_image_2016-06-21_1800.jpg",0,0
"EggCheck_image_2016-06-21_1830.jpg",0,0
"EggCheck_image_2016-06-21_1900.jpg",0,0
"EggCheck_image_2016-06-21_1930.jpg",0,0
"EggCheck_image_2016-06-21_2000.jpg",0,0
"EggCheck_image_2016-06-21_2030.jpg",0,0
"EggCheck_image_2016-06-21_2100.jpg",0,0
"EggCheck_image_2016-06-21_2130.jpg",0,0
"EggCheck_image_2016-06-21_2200.jpg",0,0
"EggCheck_image_2016-06-21_2230.jpg",0,0
"EggCheck_image_2016-06-21_2300.jpg",0,0
"EggCheck_image_2016-06-21_2330.jpg",0,0
"EggCheck_image_2016-06-22_0000.jpg",0,0
"EggCheck_image_2016-06-22_0030.jpg",0,0
"EggCheck_image_2016-06-22_0100.jpg",0,0
"EggCheck_image_2016-06-22_0130.jpg",0,0
"EggCheck_image_2016-06-22_0200.jpg",0,0
"EggCheck_image_2016-06-22_0230.jpg",0,0
"EggCheck_image_2016-06-22_0300.jpg",0,0
"EggCheck_image_2016-06-22_0330.jpg",0,0
"EggCheck_image_2016-06-22_0400.jpg",0,0
"EggCheck_image_2016-06-22_0430.jpg",0,0
"EggCheck_image_2016-06-22_0500.jpg",0,0
"EggCheck_image_2016-06-22_0530.jpg",0,0
"EggCheck_image_2016-06-22_0600.jpg",0,0
"EggCheck_image_2016-06-22_0630.jpg",0,0
"EggCheck_image_2016-06-22_0700.jpg",0,1
"EggCheck_image_2016-06-22_0730.jpg",0,1
"EggCheck_image_2016-06-22_0800.jpg",0,1
"EggCheck_image_2016-06-22_0830.jpg",3,0
"EggCheck_image_2016-06-22_0900.jpg",3,0
"EggCheck_image_2016-06-22_0930.jpg",3,0
"EggCheck_image_2016-06-22_1000.jpg",3,0
"EggCheck_image_2016-06-22_1030.jpg",0,1
"EggCheck_image_2016-06-22_1100.jpg",4,0
"EggCheck_image_2016-06-22_1130.jpg",4,0
"EggCheck_image_2016-06-22_1200.jpg",4,0
"EggCheck_image_2016-06-22_1230.jpg",4,0
"EggCheck_image_2016-06-22_1300.jpg",4,0
"EggCheck_image_2016-06-22_1330.jpg",4,0
"EggCheck_image_2016-06-22_1400.jpg",0,1
"EggCheck_image_2016-06-22_1430.jpg",4,1
"EggCheck_image_2016-06-22_1500.jpg",0,1
"EggCheck_image_2016-06-22_1530.jpg",0,1
"EggCheck_image_2016-06-22_1600.jpg",1,1
"EggCheck_image_2016-06-22_1630.jpg",6,0
"EggCheck_image_2016-06-22_1700.jpg",6,0
"EggCheck_image_2016-06-22_1730.jpg",0,0
"EggCheck_image_2016-06-22_1800.jpg",0,0
"EggCheck_image_2016-06-22_1830.jpg",0,0
"EggCheck_image_2016-06-22_1900.jpg",0,0
"EggCheck_image_2016-06-22_1930.jpg",0,0
"EggCheck_image_2016-06-22_2000.jpg",0,0
"EggCheck_image_2016-06-22_2030.jpg",0,0
"EggCheck_image_2016-06-22_2100.jpg",0,0
"EggCheck_image_2016-06-22_2130.jpg",0,0
"EggCheck_image_2016-06-22_2200.jpg",0,0
"EggCheck_image_2016-06-22_2230.jpg",0,0
"EggCheck_image_2016-06-22_2300.jpg",0,0
"EggCheck_image_2016-06-22_2330.jpg",0,0
"EggCheck_image_2016-06-23_0000.jpg",0,0
"EggCheck_image_2016-06-23_0030.jpg",0,0
"EggCheck_image_2016-06-23_0100.jpg",0,0
"EggCheck_image_2016-06-23_0130.jpg",0,0
"EggCheck_image_2016-06-23_0200.jpg",0,0
"EggCheck_image_2016-06-23_0230.jpg",0,0
"EggCheck_image_2016-06-23_0300.jpg",0,0
"EggCheck_image_2016-06-23_0330.jpg",0,0
"EggCheck_image_2016-06-23_0400.jpg",0,0
"EggCheck_image_2016-06-23_0430.jpg",0,0
"EggCheck_image_2016-06-23_0500.jpg",0,0
"EggCheck_image_2016-06-23_0530.jpg",0,0
"EggCheck_image_2016-06-23_0600.jpg",0,0
"EggCheck_image_2016-06-23_0630.jpg",0,0
"EggCheck_image_2016-06-23_0700.jpg",0,1
"EggCheck_image_2016-06-23_0730.jpg",0,1
"EggCheck_image_2016-06-23_0800.jpg",0,1
"EggCheck_image_2016-06-23_0830.jpg",2,0
"EggCheck_image_2016-06-23_0900.jpg",2,0
"EggCheck_image_2016-06-23_0930.jpg",1,1
"EggCheck_image_2016-06-23_1000.jpg",2,0
"EggCheck_image_2016-06-23_1030.jpg",3,0
"EggCheck_image_2016-06-23_1100.jpg",3,0
"EggCheck_image_2016-06-23_1130.jpg",3,0
"EggCheck_image_2016-06-23_1200.jpg",1,1
"EggCheck_image_2016-06-23_1230.jpg",1,1
"EggCheck_image_2016-06-23_1300.jpg",1,1
"EggCheck_image_2016-06-23_1330.jpg",1,1
"EggCheck_image_2016-06-23_1400.jpg",4,0
"EggCheck_image_2016-06-23_1430.jpg",4,0
"EggCheck_image_2016-06-23_1500.jpg",4,0
"EggCheck_image_2016-06-23_1530.jpg",4,0
"EggCheck_image_2016-06-23_1600.jpg",4,0
"EggCheck_image_2016-06-23_1630.jpg",4,0
"EggCheck_image_2016-06-23_1700.jpg",4,0
"EggCheck_image_2016-06-23_1730.jpg",0,0
"EggCheck_image_2016-06-23_1800.jpg",0,0
"EggCheck_image_2016-06-23_1830.jpg",0,0
"EggCheck_image_2016-06-23_1900.jpg",0,0
"EggCheck_image_2016-06-23_1930.jpg",0,0
"EggCheck_image_2016-06-23_2000.jpg",0,0
"EggCheck_image_2016-06-23_2030.jpg",0,0
"EggCheck_image_2016-06-23_2100.jpg",0,0
"EggCheck_image_2016-06-23_2130.jpg",0,0
"EggCheck_image_2016-06-23_2200.jpg",0,0
"EggCheck_image_2016-06-23_2230.jpg",0,0
"EggCheck_image_2016-06-23_2300.jpg",0,0
"EggCheck_image_2016-06-23_2330.jpg",0,0
"EggCheck_image_2016-06-24_0000.jpg",0,0
"EggCheck_image_2016-06-24_0030.jpg",0,0
"EggCheck_image_2016-06-24_0100.jpg",0,0
"EggCheck_image_2016-06-24_0130.jpg",0,0
"EggCheck_image_2016-06-24_0200.jpg",0,0
"EggCheck_image_2016-06-24_0230.jpg",0,0
"EggCheck_image_2016-06-24_0300.jpg",0,0
"EggCheck_image_2016-06-24_0330.jpg",0,0
"EggCheck_image_2016-06-24_0400.jpg",0,0
"EggCheck_image_2016-06-24_0430.jpg",0,0
"EggCheck_image_2016-06-24_0500.jpg",0,0
"EggCheck_image_2016-06-24_0530.jpg",0,0
"EggCheck_image_2016-06-24_0600.jpg",0,0
"EggCheck_image_2016-06-24_0630.jpg",0,0
"EggCheck_image_2016-06-24_0700.jpg",0,0
"EggCheck_image_2016-06-24_0730.jpg",0,1
"EggCheck_image_2016-06-24_0800.jpg",0,1
"EggCheck_image_2016-06-24_0830.jpg",0,1
"EggCheck_image_2016-06-24_0900.jpg",3,1
"EggCheck_image_2016-06-24_0930.jpg",2,1
"EggCheck_image_2016-06-24_1000.jpg",1,1
"EggCheck_image_2016-06-24_1030.jpg",6,0
"EggCheck_image_2016-06-24_1100.jpg",6,0
"EggCheck_image_2016-06-24_1130.jpg",6,0
"EggCheck_image_2016-06-24_1200.jpg",6,0
"EggCheck_image_2016-06-24_1230.jpg",6,0
"EggCheck_image_2016-06-24_1300.jpg",6,0
"EggCheck_image_2016-06-24_1330.jpg",6,0
"EggCheck_image_2016-06-24_1400.jpg",6,0
"EggCheck_image_2016-06-24_1430.jpg",6,0
"EggCheck_image_2016-06-24_1500.jpg",6,0
"EggCheck_image_2016-06-24_1530.jpg",6,0
"EggCheck_image_2016-06-24_1600.jpg",6,0
"EggCheck_image_2016-06-24_1630.jpg",6,0
"EggCheck_image_2016-06-24_1700.jpg",0,0
"EggCheck_image_2016-06-24_1730.jpg",0,0
"EggCheck_image_2016-06-24_1800.jpg",0,0
"EggCheck_image_2016-06-24_1830.jpg",0,0
"EggCheck_image_2016-06-24_1900.jpg",0,0
"EggCheck_image_2016-06-24_1930.jpg",0,0
"EggCheck_image_2016-06-24_2000.jpg",0,0
"EggCheck_image_2016-06-24_2030.jpg",0,0
"EggCheck_image_2016-06-24_2100.jpg",0,0
"EggCheck_image_2016-06-24_2130.jpg",0,0
"EggCheck_image_2016-06-24_2200.jpg",0,0
"EggCheck_image_2016-06-24_2230.jpg",0,0
"EggCheck_image_2016-06-24_2300.jpg",0,0
"EggCheck_image_2016-06-24_2330.jpg",0,0
"EggCheck_image_2016-06-25_0000.jpg",0,0
"EggCheck_image_2016-06-25_0030.jpg",0,0
"EggCheck_image_2016-06-25_0100.jpg",0,0
"EggCheck_image_2016-06-25_0130.jpg",0,0
"EggCheck_image_2016-06-25_0200.jpg",0,0
"EggCheck_image_2016-06-25_0230.jpg",0,0
"EggCheck_image_2016-06-25_0300.jpg",0,0
"EggCheck_image_2016-06-25_0330.jpg",0,0
"EggCheck_image_2016-06-25_0400.jpg",0,0
"EggCheck_image_2016-06-25_0430.jpg",0,0
"EggCheck_image_2016-06-25_0500.jpg",0,0
"EggCheck_image_2016-06-25_0530.jpg",0,0
"EggCheck_image_2016-06-25_0600.jpg",0,0
"EggCheck_image_2016-06-25_0630.jpg",0,0
"EggCheck_image_2016-06-25_0700.jpg",0,0
"EggCheck_image_2016-06-25_0730.jpg",0,0
"EggCheck_image_2016-06-25_0800.jpg",0,1
"EggCheck_image_2016-06-25_0830.jpg",0,1
"EggCheck_image_2016-06-25_0900.jpg",0,1
"EggCheck_image_2016-06-25_0930.jpg",0,1
"EggCheck_image_2016-06-25_1000.jpg",0,1
"EggCheck_image_2016-06-25_1030.jpg",2,1
"EggCheck_image_2016-06-25_1100.jpg",6,0
"EggCheck_image_2016-06-25_1130.jpg",6,0
"EggCheck_image_2016-06-25_1200.jpg",6,0
"EggCheck_image_2016-06-25_1230.jpg",6,0
"EggCheck_image_2016-06-25_1300.jpg",6,0
"EggCheck_image_2016-06-25_1330.jpg",1,1
"EggCheck_image_2016-06-25_1400.jpg",0,1
"EggCheck_image_2016-06-25_1430.jpg",0,0
"EggCheck_image_2016-06-25_1500.jpg",1,1
"EggCheck_image_2016-06-25_1530.jpg",1,0
"EggCheck_image_2016-06-25_1600.jpg",1,0
"EggCheck_image_2016-06-25_1630.jpg",0,0
"EggCheck_image_2016-06-25_1700.jpg",0,0
"EggCheck_image_2016-06-25_1730.jpg",0,0
"EggCheck_image_2016-06-25_1800.jpg",0,0
"EggCheck_image_2016-06-25_1830.jpg",0,0
"EggCheck_image_2016-06-25_1900.jpg",0,0
"EggCheck_image_2016-06-25_1930.jpg",0,0
"EggCheck_image_2016-06-25_2000.jpg",0,0
"EggCheck_image_2016-06-25_2030.jpg",0,0
"EggCheck_image_2016-06-25_2100.jpg",0,0
"EggCheck_image_2016-06-25_2130.jpg",0,0
"EggCheck_image_2016-06-25_2200.jpg",0,0
"EggCheck_image_2016-06-25_2230.jpg",0,0
"EggCheck_image_2016-06-25_2300.jpg",0,0
"EggCheck_image_2016-06-25_2330.jpg",0,0
"EggCheck_image_2016-06-26_0000.jpg",0,0
"EggCheck_image_2016-06-26_0030.jpg",0,0
"EggCheck_image_2016-06-26_0100.jpg",0,0
"EggCheck_image_2016-06-26_0130.jpg",0,0
"EggCheck_image_2016-06-26_0200.jpg",0,0
"EggCheck_image_2016-06-26_0230.jpg",0,0
"EggCheck_image_2016-06-26_0300.jpg",0,0
"EggCheck_image_2016-06-26_0330.jpg",0,0
"EggCheck_image_2016-06-26_0400.jpg",0,0
"EggCheck_image_2016-06-26_0430.jpg",0,0
"EggCheck_image_2016-06-26_0500.jpg",0,0
"EggCheck_image_2016-06-26_0530.jpg",0,0
"EggCheck_image_2016-06-26_0600.jpg",0,0
"EggCheck_image_2016-06-26_0630.jpg",0,0
"EggCheck_image_2016-06-26_0700.jpg",0,0
"EggCheck_image_2016-06-26_0730.jpg",0,0
"EggCheck_image_2016-06-26_0800.jpg",0,0
"EggCheck_image_2016-06-26_0830.jpg",0,1
"EggCheck_image_2016-06-26_0900.jpg",0,1
"EggCheck_image_2016-06-26_0930.jpg",0,0
"EggCheck_image_2016-06-26_1000.jpg",0,0
"EggCheck_image_2016-06-26_1030.jpg",0,0
"EggCheck_image_2016-06-26_1100.jpg",0,1
"EggCheck_image_2016-06-26_1130.jpg",0,1
"EggCheck_image_2016-06-26_1200.jpg",0,1
"EggCheck_image_2016-06-26_1230.jpg",0,1
"EggCheck_image_2016-06-26_1300.jpg",0,1
"EggCheck_image_2016-06-26_1330.jpg",2,1
"EggCheck_image_2016-06-26_1400.jpg",2,1
"EggCheck_image_2016-06-26_1430.jpg",2,1
"EggCheck_image_2016-06-26_1500.jpg",5,0
"EggCheck_image_2016-06-26_1530.jpg",5,0
"EggCheck_image_2016-06-26_1600.jpg",5,0
"EggCheck_image_2016-06-26_1630.jpg",0,0
"EggCheck_image_2016-06-26_1700.jpg",0,0
"EggCheck_image_2016-06-26_1730.jpg",0,0
"EggCheck_image_2016-06-26_1800.jpg",0,0
"EggCheck_image_2016-06-26_1830.jpg",0,0
"EggCheck_image_2016-06-26_1900.jpg",0,0
"EggCheck_image_2016-06-26_1930.jpg",0,0
"EggCheck_image_2016-06-26_2000.jpg",0,0
"EggCheck_image_2016-06-26_2030.jpg",0,0
"EggCheck_image_2016-06-26_2100.jpg",0,0
"EggCheck_image_2016-06-26_2130.jpg",0,0
"EggCheck_image_2016-06-26_2200.jpg",0,0
"EggCheck_image_2016-06-26_2230.jpg",0,0
"EggCheck_image_2016-06-26_2300.jpg",0,0
"EggCheck_image_2016-06-26_2330.jpg",0,0
"EggCheck_image_2016-06-27_0000.jpg",0,0
"EggCheck_image_2016-06-27_0030.jpg",0,0
"EggCheck_image_2016-06-27_0100.jpg",0,0
"EggCheck_image_2016-06-27_0130.jpg",0,0
"EggCheck_image_2016-06-27_0200.jpg",0,0
"EggCheck_image_2016-06-27_0230.jpg",0,0
"EggCheck_image_2016-06-27_0300.jpg",0,0
"EggCheck_image_2016-06-27_0330.jpg",0,0
"EggCheck_image_2016-06-27_0400.jpg",0,0
"EggCheck_image_2016-06-27_0430.jpg",0,0
"EggCheck_image_2016-06-27_0500.jpg",0,0
"EggCheck_image_2016-06-27_0530.jpg",0,0
"EggCheck_image_2016-06-27_0600.jpg",0,0
"EggCheck_image_2016-06-27_0630.jpg",0,0
"EggCheck_image_2016-06-27_0700.jpg",0,0
"EggCheck_image_2016-06-27_0730.jpg",0,1
"EggCheck_image_2016-06-27_0800.jpg",0,1
"EggCheck_image_2016-06-27_0830.jpg",0,1
"EggCheck_image_2016-06-27_0900.jpg",0,1
"EggCheck_image_2016-06-27_0930.jpg",2,0
"EggCheck_image_2016-06-27_1000.jpg",2,0
"EggCheck_image_2016-06-27_1030.jpg",0,1
"EggCheck_image_2016-06-27_1100.jpg",0,1
"EggCheck_image_2016-06-27_1130.jpg",0,1
"EggCheck_image_2016-06-27_1200.jpg",3,0
"EggCheck_image_2016-06-27_1230.jpg",3,0
"EggCheck_image_2016-06-27_1300.jpg",3,0
"EggCheck_image_2016-06-27_1330.jpg",0,1
"EggCheck_image_2016-06-27_1400.jpg",0,1
"EggCheck_image_2016-06-27_1430.jpg",4,0
"EggCheck_image_2016-06-27_1500.jpg",0,1
"EggCheck_image_2016-06-27_1530.jpg",0,1
"EggCheck_image_2016-06-27_1600.jpg",0,1
"EggCheck_image_2016-06-27_1630.jpg",0,0
"EggCheck_image_2016-06-27_1700.jpg",0,0
"EggCheck_image_2016-06-27_1730.jpg",0,0
"EggCheck_image_2016-06-27_1800.jpg",0,0
"EggCheck_image_2016-06-27_1830.jpg",0,0
"EggCheck_image_2016-06-27_1900.jpg",0,0
"EggCheck_image_2016-06-27_1930.jpg",0,0
"EggCheck_image_2016-06-27_2000.jpg",0,0
"EggCheck_image_2016-06-27_2030.jpg",0,0
"EggCheck_image_2016-06-27_2100.jpg",0,0
"EggCheck_image_2016-06-27_2130.jpg",0,0
"EggCheck_image_2016-06-27_2200.jpg",0,0
"EggCheck_image_2016-06-27_2230.jpg",0,0
"EggCheck_image_2016-06-27_2300.jpg",0,0
"EggCheck_image_2016-06-27_2330.jpg",0,0
"EggCheck_image_2016-06-28_0000.jpg",0,0
"EggCheck_image_2016-06-28_0030.jpg",0,0
"EggCheck_image_2016-06-28_0100.jpg",0,0
"EggCheck_image_2016-06-28_0130.jpg",0,0
"EggCheck_image_2016-06-28_0200.jpg",0,0
"EggCheck_image_2016-06-28_0230.jpg",0,0
"EggCheck_image_2016-06-28_0300.jpg",0,0
"EggCheck_image_2016-06-28_0330.jpg",0,0
"EggCheck_image_2016-06-28_0400.jpg",0,0
"EggCheck_image_2016-06-28_0430.jpg",0,0
"EggCheck_image_2016-06-28_0500.jpg",0,0
"EggCheck_image_2016-06-28_0530.jpg",0,0
"EggCheck_image_2016-06-28_0600.jpg",0,1
"EggCheck_image_2016-06-28_0630.jpg",1,0
"EggCheck_image_2016-06-28_0700.jpg",1,0
"EggCheck_image_2016-06-28_0730.jpg",0,1
"EggCheck_image_2016-06-28_0800.jpg",0,1
"EggCheck_image_2016-06-28_0830.jpg",2,0
"EggCheck_image_2016-06-28_0900.jpg",3,0
"EggCheck_image_2016-06-28_0930.jpg",3,0
"EggCheck_image_2016-06-28_1000.jpg",3,0
"EggCheck_image_2016-06-28_1030.jpg",3,0
"EggCheck_image_2016-06-28_1100.jpg",0,1
"EggCheck_image_2016-06-28_1130.jpg",0,1
"EggCheck_image_2016-06-28_1200.jpg",4,1
"EggCheck_image_2016-06-28_1230.jpg",5,0
"EggCheck_image_2016-06-28_1300.jpg",5,0
"EggCheck_image_2016-06-28_1330.jpg",5,0
"EggCheck_image_2016-06-28_1400.jpg",5,0
"EggCheck_image_2016-06-28_1430.jpg",5,0
"EggCheck_image_2016-06-28_1500.jpg",5,0
"EggCheck_image_2016-06-28_1530.jpg",5,0
"EggCheck_image_2016-06-28_1600.jpg",5,0
"EggCheck_image_2016-06-28_1630.jpg",5,0
"EggCheck_image_2016-06-28_1700.jpg",5,0
"EggCheck_image_2016-06-28_1730.jpg",0,0
"EggCheck_image_2016-06-28_1800.jpg",0,0
"EggCheck_image_2016-06-28_1830.jpg",0,0
"EggCheck_image_2016-06-28_1900.jpg",0,0
"EggCheck_image_2016-06-28_1930.jpg",0,0
"EggCheck_image_2016-06-28_2000.jpg",0,0
"EggCheck_image_2016-06-28_2030.jpg",0,0
"EggCheck_image_2016-06-28_2100.jpg",0,0
"EggCheck_image_2016-06-28_2130.jpg",0,0
"EggCheck_image_2016-06-28_2200.jpg",0,0
"EggCheck_image_2016-06-28_2230.jpg",0,0
"EggCheck_image_2016-06-28_2300.jpg",0,0
"EggCheck_image_2016-06-28_2330.jpg",0,0
"EggCheck_image_2016-06-29_0000.jpg",0,0
"EggCheck_image_2016-06-29_0030.jpg",0,0
"EggCheck_image_2016-06-29_0100.jpg",0,0
"EggCheck_image_2016-06-29_0130.jpg",0,0
"EggCheck_image_2016-06-29_0200.jpg",0,0
"EggCheck_image_2016-06-29_0230.jpg",0,0
"EggCheck_image_2016-06-29_0300.jpg",0,0
"EggCheck_image_2016-06-29_0330.jpg",0,0
"EggCheck_image_2016-06-29_0400.jpg",0,0
"EggCheck_image_2016-06-29_0430.jpg",0,0
"EggCheck_image_2016-06-29_0500.jpg",0,0
"EggCheck_image_2016-06-29_0530.jpg",0,0
"EggCheck_image_2016-06-29_0600.jpg",0,1
"EggCheck_image_2016-06-29_0630.jpg",1,0
"EggCheck_image_2016-06-29_0700.jpg",1,0
"EggCheck_image_2016-06-29_0730.jpg",0,1
"EggCheck_image_2016-06-29_0800.jpg",3,0
"EggCheck_image_2016-06-29_0830.jpg",1,1
"EggCheck_image_2016-06-29_0900.jpg",1,1
"EggCheck_image_2016-06-29_0930.jpg",4,0
"EggCheck_image_2016-06-29_1000.jpg",4,0
"EggCheck_image_2016-06-29_1030.jpg",4,0
"EggCheck_image_2016-06-29_1100.jpg",1,1
"EggCheck_image_2016-06-29_1130.jpg",1,1
"EggCheck_image_2016-06-29_1200.jpg",1,1
"EggCheck_image_2016-06-29_1230.jpg",1,1
"EggCheck_image_2016-06-29_1300.jpg",1,1
"EggCheck_image_2016-06-29_1330.jpg",6,0
"EggCheck_image_2016-06-29_1400.jpg",6,0
"EggCheck_image_2016-06-29_1430.jpg",6,0
"EggCheck_image_2016-06-29_1500.jpg",6,0
"EggCheck_image_2016-06-29_1530.jpg",5,1
"EggCheck_image_2016-06-29_1600.jpg",1,1
"EggCheck_image_2016-06-29_1630.jpg",1,1
"EggCheck_image_2016-06-29_1700.jpg",7,0
"EggCheck_image_2016-06-29_1730.jpg",0,0
"EggCheck_image_2016-06-29_1800.jpg",0,0
"EggCheck_image_2016-06-29_1830.jpg",0,0
"EggCheck_image_2016-06-29_1900.jpg",0,0
"EggCheck_image_2016-06-29_1930.jpg",0,0
"EggCheck_image_2016-06-29_2000.jpg",0,0
"EggCheck_image_2016-06-29_2030.jpg",0,0
"EggCheck_image_2016-06-29_2100.jpg",0,0
"EggCheck_image_2016-06-29_2130.jpg",0,0
"EggCheck_image_2016-06-29_2200.jpg",0,0
"EggCheck_image_2016-06-29_2230.jpg",0,0
"EggCheck_image_2016-06-29_2300.jpg",0,0
"EggCheck_image_2016-06-29_2330.jpg",0,0
"EggCheck_image_2016-06-30_0000.jpg",0,0
"EggCheck_image_2016-06-30_0030.jpg",0,0
"EggCheck_image_2016-06-30_0100.jpg",0,0
"EggCheck_image_2016-06-30_0130.jpg",0,0
"EggCheck_image_2016-06-30_0200.jpg",0,0
"EggCheck_image_2016-06-30_0230.jpg",0,0
"EggCheck_image_2016-06-30_0300.jpg",0,0
"EggCheck_image_2016-06-30_0330.jpg",0,0
"EggCheck_image_2016-06-30_0400.jpg",0,0
"EggCheck_image_2016-06-30_0430.jpg",0,0
"EggCheck_image_2016-06-30_0500.jpg",0,0
"EggCheck_image_2016-06-30_0530.jpg",0,0
"EggCheck_image_2016-06-30_0600.jpg",0,0
"EggCheck_image_2016-06-30_0630.jpg",0,0
"EggCheck_image_2016-06-30_0700.jpg",0,0
"EggCheck_image_2016-06-30_0730.jpg",0,0
"EggCheck_image_2016-06-30_0800.jpg",0,0
"EggCheck_image_2016-06-30_0830.jpg",0,1
"EggCheck_image_2016-06-30_0900.jpg",0,1
"EggCheck_image_2016-06-30_0930.jpg",2,0
"EggCheck_image_2016-06-30_1000.jpg",2,0
"EggCheck_image_2016-06-30_1030.jpg",2,0
"EggCheck_image_2016-06-30_1100.jpg",0,0
"EggCheck_image_2016-06-30_1130.jpg",0,0
"EggCheck_image_2016-06-30_1200.jpg",0,1
"EggCheck_image_2016-06-30_1230.jpg",0,1
"EggCheck_image_2016-06-30_1300.jpg",1,1
"EggCheck_image_2016-06-30_1330.jpg",2,1
"EggCheck_image_2016-06-30_1400.jpg",3,0
"EggCheck_image_2016-06-30_1430.jpg",3,0
"EggCheck_image_2016-06-30_1500.jpg",3,0
"EggCheck_image_2016-06-30_1530.jpg",3,0
"EggCheck_image_2016-06-30_1600.jpg",3,0
"EggCheck_image_2016-06-30_1630.jpg",3,0
"EggCheck_image_2016-06-30_1700.jpg",3,0
"EggCheck_image_2016-06-30_1730.jpg",3,0
"EggCheck_image_2016-06-30_1800.jpg",3,0
"EggCheck_image_2016-06-30_1830.jpg",3,0
"EggCheck_image_2016-06-30_1900.jpg",3,0
"EggCheck_image_2016-06-30_1930.jpg",3,0
"EggCheck_image_2016-06-30_2000.jpg",3,0
"EggCheck_image_2016-06-30_2030.jpg",3,0
"EggCheck_image_2016-06-30_2100.jpg",3,0
"EggCheck_image_2016-06-30_2130.jpg",3,0
"EggCheck_image_2016-06-30_2200.jpg",3,0
"EggCheck_image_2016-06-30_2230.jpg",3,0
"EggCheck_image_2016-06-30_2300.jpg",3,0
"EggCheck_image_2016-06-30_2330.jpg",3,0
"EggCheck_image_2016-07-01_0000.jpg",3,0
"EggCheck_image_2016-07-01_0030.jpg",3,0
"EggCheck_image_2016-07-01_0100.jpg",3,0
"EggCheck_image_2016-07-01_0130.jpg",3,0
"EggCheck_image_2016-07-01_0200.jpg",3,0
"EggCheck_image_2016-07-01_0230.jpg",3,0
"EggCheck_image_2016-07-01_0300.jpg",3,0
"EggCheck_image_2016-07-01_0330.jpg",3,0
"EggCheck_image_2016-07-01_0400.jpg",3,0
"EggCheck_image_2016-07-01_0430.jpg",3,0
"EggCheck_image_2016-07-01_0500.jpg",3,0
"EggCheck_image_2016-07-01_0530.jpg",3,0
"EggCheck_image_2016-07-01_0600.jpg",3,0
"EggCheck_image_2016-07-01_0630.jpg",2,1
"EggCheck_image_2016-07-01_0700.jpg",4,0
"EggCheck_image_2016-07-01_0730.jpg",2,1
"EggCheck_image_2016-07-01_0800.jpg",2,1
"EggCheck_image_2016-07-01_0830.jpg",2,1
"EggCheck_image_2016-07-01_0900.jpg",2,1
"EggCheck_image_2016-07-01_0930.jpg",2,1
"EggCheck_image_2016-07-01_1000.jpg",7,0
"EggCheck_image_2016-07-01_1030.jpg",7,0
"EggCheck_image_2016-07-01_1100.jpg",7,0
"EggCheck_image_2016-07-01_1130.jpg",7,0
"EggCheck_image_2016-07-01_1200.jpg",7,0
"EggCheck_image_2016-07-01_1230.jpg",7,0
"EggCheck_image_2016-07-01_1300.jpg",7,0
"EggCheck_image_2016-07-01_1330.jpg",0,0
"EggCheck_image_2016-07-01_1400.jpg",0,0
"EggCheck_image_2016-07-01_1430.jpg",0,0
"EggCheck_image_2016-07-01_1500.jpg",0,0
"EggCheck_image_2016-07-01_1530.jpg",0,1
"EggCheck_image_2016-07-01_1600.jpg",0,1
"EggCheck_image_2016-07-01_1630.jpg",0,1
"EggCheck_image_2016-07-01_1700.jpg",1,0
"EggCheck_image_2016-07-01_1730.jpg",0,0
"EggCheck_image_2016-07-01_1800.jpg",0,0
"EggCheck_image_2016-07-01_1830.jpg",0,0
"EggCheck_image_2016-07-01_1900.jpg",0,0
"EggCheck_image_2016-07-01_1930.jpg",0,0
"EggCheck_image_2016-07-01_2000.jpg",0,0
"EggCheck_image_2016-07-01_2030.jpg",0,0
"EggCheck_image_2016-07-01_2100.jpg",0,0
"EggCheck_image_2016-07-01_2130.jpg",0,0
"EggCheck_image_2016-07-01_2200.jpg",0,0
"EggCheck_image_2016-07-01_2230.jpg",0,0
"EggCheck_image_2016-07-01_2300.jpg",0,0
"EggCheck_image_2016-07-01_2330.jpg",0,0
"EggCheck_image_2016-07-02_0000.jpg",0,0
"EggCheck_image_2016-07-02_0030.jpg",0,0
"EggCheck_image_2016-07-02_0100.jpg",0,0
"EggCheck_image_2016-07-02_0130.jpg",0,0
"EggCheck_image_2016-07-02_0200.jpg",0,0
"EggCheck_image_2016-07-02_0230.jpg",0,0
"EggCheck_image_2016-07-02_0300.jpg",0,0
"EggCheck_image_2016-07-02_0330.jpg",0,0
"EggCheck_image_2016-07-02_0400.jpg",0,0
"EggCheck_image_2016-07-02_0430.jpg",0,0
"EggCheck_image_2016-07-02_0500.jpg",0,0
"EggCheck_image_2016-07-02_0530.jpg",1,0
"EggCheck_image_2016-07-02_0600.jpg",1,0
"EggCheck_image_2016-07-02_0630.jpg",1,0
"EggCheck_image_2016-07-02_0700.jpg",1,0
"EggCheck_image_2016-07-02_0730.jpg",0,1
"EggCheck_image_2016-07-02_0800.jpg",0,1
"EggCheck_image_2016-07-02_0830.jpg",0,1
"EggCheck_image_2016-07-02_0900.jpg",1,1
"EggCheck_image_2016-07-02_0930.jpg",1,1
"EggCheck_image_2016-07-02_1000.jpg",1,1
"EggCheck_image_2016-07-02_1030.jpg",4,0
"EggCheck_image_2016-07-02_1100.jpg",1,1
"EggCheck_image_2016-07-02_1130.jpg",1,1
"EggCheck_image_2016-07-02_1200.jpg",0,1
"EggCheck_image_2016-07-02_1230.jpg",1,0
"EggCheck_image_2016-07-02_1300.jpg",1,0
"EggCheck_image_2016-07-02_1330.jpg",1,0
"EggCheck_image_2016-07-02_1400.jpg",1,0
"EggCheck_image_2016-07-02_1430.jpg",1,0
"EggCheck_image_2016-07-02_1500.jpg",1,0
"EggCheck_image_2016-07-02_1530.jpg",1,0
"EggCheck_image_2016-07-02_1600.jpg",1,0
"EggCheck_image_2016-07-02_1630.jpg",0,0
"EggCheck_image_2016-07-02_1700.jpg",0,0
"EggCheck_image_2016-07-02_1800.jpg",0,0
"EggCheck_image_2016-07-02_1830.jpg",0,0
"EggCheck_image_2016-07-02_1900.jpg",0,0
"EggCheck_image_2016-07-02_1930.jpg",0,0
"EggCheck_image_2016-07-02_2000.jpg",0,0
"EggCheck_image_2016-07-02_2030.jpg",0,0
"EggCheck_image_2016-07-02_2100.jpg",0,0
"EggCheck_image_2016-07-02_2130.jpg",0,0
"EggCheck_image_2016-07-02_2200.jpg",0,0
"EggCheck_image_2016-07-02_2230.jpg",0,0
"EggCheck_image_2016-07-02_2300.jpg",0,0
"EggCheck_image_2016-07-02_2330.jpg",0,0
"EggCheck_image_2016-07-03_0000.jpg",0,0
"EggCheck_image_2016-07-03_0030.jpg",0,0
"EggCheck_image_2016-07-03_0100.jpg",0,0
"EggCheck_image_2016-07-03_0130.jpg",0,0
"EggCheck_image_2016-07-03_0200.jpg",0,0
"EggCheck_image_2016-07-03_0230.jpg",0,0
"EggCheck_image_2016-07-03_0300.jpg",0,0
"EggCheck_image_2016-07-03_0330.jpg",0,0
"EggCheck_image_2016-07-03_0400.jpg",0,0
"EggCheck_image_2016-07-03_0430.jpg",0,0
"EggCheck_image_2016-07-03_0500.jpg",0,0
"EggCheck_image_2016-07-03_0530.jpg",0,0
"EggCheck_image_2016-07-03_0600.jpg",0,0
"EggCheck_image_2016-07-03_0630.jpg",0,1
"EggCheck_image_2016-07-03_0700.jpg",0,1
"EggCheck_image_2016-07-03_0730.jpg",2,0
"EggCheck_image_2016-07-03_0800.jpg",2,0
"EggCheck_image_2016-07-03_0830.jpg",1,1
"EggCheck_image_2016-07-03_0900.jpg",3,0
"EggCheck_image_2016-07-03_0930.jpg",3,0
"EggCheck_image_2016-07-03_1000.jpg",3,0
"EggCheck_image_2016-07-03_1030.jpg",3,0
"EggCheck_image_2016-07-03_1100.jpg",3,0
"EggCheck_image_2016-07-03_1130.jpg",4,0
"EggCheck_image_2016-07-03_1200.jpg",1,1
"EggCheck_image_2016-07-03_1230.jpg",0,1
"EggCheck_image_2016-07-03_1300.jpg",3,1
"EggCheck_image_2016-07-03_1330.jpg",1,1
"EggCheck_image_2016-07-03_1400.jpg",5,1
"EggCheck_image_2016-07-03_1430.jpg",5,0
"EggCheck_image_2016-07-03_1500.jpg",5,0
"EggCheck_image_2016-07-03_1530.jpg",5,0
"EggCheck_image_2016-07-03_1600.jpg",0,0
"EggCheck_image_2016-07-03_1630.jpg",0,0
"EggCheck_image_2016-07-03_1700.jpg",0,0
"EggCheck_image_2016-07-03_1730.jpg",0,0
"EggCheck_image_2016-07-03_1800.jpg",0,0
"EggCheck_image_2016-07-03_1830.jpg",0,0
"EggCheck_image_2016-07-03_1900.jpg",0,0
"EggCheck_image_2016-07-03_1930.jpg",0,0
"EggCheck_image_2016-07-03_2000.jpg",0,0
"EggCheck_image_2016-07-03_2030.jpg",0,0
"EggCheck_image_2016-07-03_2100.jpg",0,0
"EggCheck_image_2016-07-03_2130.jpg",0,0
"EggCheck_image_2016-07-03_2200.jpg",0,0
"EggCheck_image_2016-07-03_2230.jpg",0,0
"EggCheck_image_2016-07-03_2300.jpg",0,0
"EggCheck_image_2016-07-03_2330.jpg",0,0
"EggCheck_image_2016-07-04_0000.jpg",0,0
"EggCheck_image_2016-07-04_0030.jpg",0,0
"EggCheck_image_2016-07-04_0100.jpg",0,0
"EggCheck_image_2016-07-04_0130.jpg",0,0
"EggCheck_image_2016-07-04_0200.jpg",0,0
"EggCheck_image_2016-07-04_0230.jpg",0,0
"EggCheck_image_2016-07-04_0300.jpg",0,0
"EggCheck_image_2016-07-04_0330.jpg",0,0
"EggCheck_image_2016-07-04_0400.jpg",0,0
"EggCheck_image_2016-07-04_0430.jpg",0,0
"EggCheck_image_2016-07-04_0500.jpg",0,0
"EggCheck_image_2016-07-04_0530.jpg",0,0
"EggCheck_image_2016-07-04_0600.jpg",0,0
"EggCheck_image_2016-07-04_0630.jpg",0,1
"EggCheck_image_2016-07-04_0700.jpg",0,1
"EggCheck_image_2016-07-04_0730.jpg",2,0
"EggCheck_image_2016-07-04_0800.jpg",0,1
"EggCheck_image_2016-07-04_0830.jpg",0,1
"EggCheck_image_2016-07-04_0900.jpg",4,0
"EggCheck_image_2016-07-04_0930.jpg",4,0
"EggCheck_image_2016-07-04_1000.jpg",4,0
"EggCheck_image_2016-07-04_1030.jpg",4,0
"EggCheck_image_2016-07-04_1100.jpg",4,0
"EggCheck_image_2016-07-04_1130.jpg",4,0
"EggCheck_image_2016-07-04_1200.jpg",4,0
"EggCheck_image_2016-07-04_1230.jpg",4,0
"EggCheck_image_2016-07-04_1300.jpg",3,1
"EggCheck_image_2016-07-04_1330.jpg",0,1
"EggCheck_image_2016-07-04_1400.jpg",5,0
"EggCheck_image_2016-07-04_1430.jpg",5,0
"EggCheck_image_2016-07-04_1500.jpg",5,0
"EggCheck_image_2016-07-04_1530.jpg",5,0
"EggCheck_image_2016-07-04_1600.jpg",5,0
"EggCheck_image_2016-07-04_1630.jpg",0,1
"EggCheck_image_2016-07-04_1700.jpg",0,1
"EggCheck_image_2016-07-04_1730.jpg",5,0
"EggCheck_image_2016-07-04_1800.jpg",0,0
"EggCheck_image_2016-07-04_1830.jpg",0,0
"EggCheck_image_2016-07-04_1900.jpg",0,0
"EggCheck_image_2016-07-04_1930.jpg",0,0
"EggCheck_image_2016-07-04_2000.jpg",0,0
"EggCheck_image_2016-07-04_2030.jpg",0,0
"EggCheck_image_2016-07-04_2100.jpg",0,0
"EggCheck_image_2016-07-04_2130.jpg",0,0
"EggCheck_image_2016-07-04_2200.jpg",0,0
"EggCheck_image_2016-07-04_2230.jpg",0,0
"EggCheck_image_2016-07-04_2300.jpg",0,0
"EggCheck_image_2016-07-04_2330.jpg",0,0
"EggCheck_image_2016-07-05_0000.jpg",0,0
"EggCheck_image_2016-07-05_0030.jpg",0,0
"EggCheck_image_2016-07-05_0100.jpg",0,0
"EggCheck_image_2016-07-05_0130.jpg",0,0
"EggCheck_image_2016-07-05_0200.jpg",0,0
"EggCheck_image_2016-07-05_0230.jpg",0,0
"EggCheck_image_2016-07-05_0300.jpg",0,0
"EggCheck_image_2016-07-05_0330.jpg",0,0
"EggCheck_image_2016-07-05_0400.jpg",0,0
"EggCheck_image_2016-07-05_0430.jpg",0,0
"EggCheck_image_2016-07-05_0500.jpg",0,0
"EggCheck_image_2016-07-05_0530.jpg",0,0
"EggCheck_image_2016-07-05_0600.jpg",0,0
"EggCheck_image_2016-07-05_0630.jpg",0,1
"EggCheck_image_2016-07-05_0700.jpg",2,0
"EggCheck_image_2016-07-05_0730.jpg",1,1
"EggCheck_image_2016-07-05_0800.jpg",1,1
"EggCheck_image_2016-07-05_0830.jpg",3,0
"EggCheck_image_2016-07-05_0900.jpg",1,1
"EggCheck_image_2016-07-05_0930.jpg",0,1
"EggCheck_image_2016-07-05_1000.jpg",5,0
"EggCheck_image_2016-07-05_1030.jpg",5,0
"EggCheck_image_2016-07-05_1100.jpg",5,0
"EggCheck_image_2016-07-05_1130.jpg",5,0
"EggCheck_image_2016-07-05_1200.jpg",5,0
"EggCheck_image_2016-07-05_1230.jpg",5,0
"EggCheck_image_2016-07-05_1300.jpg",5,0
"EggCheck_image_2016-07-05_1330.jpg",5,0
"EggCheck_image_2016-07-05_1400.jpg",5,0
"EggCheck_image_2016-07-05_1430.jpg",5,0
"EggCheck_image_2016-07-05_1500.jpg",0,0
"EggCheck_image_2016-07-05_1530.jpg",0,0
"EggCheck_image_2016-07-05_1600.jpg",0,0
"EggCheck_image_2016-07-05_1630.jpg",0,0
"EggCheck_image_2016-07-05_1700.jpg",0,0
"EggCheck_image_2016-07-05_1730.jpg",0,0
"EggCheck_image_2016-07-05_1800.jpg",0,0
"EggCheck_image_2016-07-05_1830.jpg",0,0
"EggCheck_image_2016-07-05_1900.jpg",0,0
"EggCheck_image_2016-07-05_1930.jpg",0,0
"EggCheck_image_2016-07-05_2000.jpg",0,0
"EggCheck_image_2016-07-05_2030.jpg",0,0
"EggCheck_image_2016-07-05_2100.jpg",0,0
"EggCheck_image_2016-07-05_2130.jpg",0,0
"EggCheck_image_2016-07-05_2200.jpg",0,0
"EggCheck_image_2016-07-05_2230.jpg",0,0
"EggCheck_image_2016-07-05_2300.jpg",0,0
"EggCheck_image_2016-07-05_2330.jpg",0,0
"EggCheck_image_2016-07-06_0000.jpg",0,0
"EggCheck_image_2016-07-06_0030.jpg",0,0
"EggCheck_image_2016-07-06_0100.jpg",0,0
"EggCheck_image_2016-07-06_0130.jpg",0,0
"EggCheck_image_2016-07-06_0200.jpg",0,0
"EggCheck_image_2016-07-06_0230.jpg",0,0
"EggCheck_image_2016-07-06_0300.jpg",0,0
"EggCheck_image_2016-07-06_0330.jpg",0,0
"EggCheck_image_2016-07-06_0400.jpg",0,0
"EggCheck_image_2016-07-06_0430.jpg",0,0
"EggCheck_image_2016-07-06_0500.jpg",0,0
"EggCheck_image_2016-07-06_0530.jpg",0,1
"EggCheck_image_2016-07-06_0600.jpg",0,0
"EggCheck_image_2016-07-06_0630.jpg",1,0
"EggCheck_image_2016-07-06_0700.jpg",2,0
"EggCheck_image_2016-07-06_0730.jpg",0,1
"EggCheck_image_2016-07-06_0800.jpg",0,1
"EggCheck_image_2016-07-06_0830.jpg",0,1
"EggCheck_image_2016-07-06_0900.jpg",0,1
"EggCheck_image_2016-07-06_0930.jpg",0,1
"EggCheck_image_2016-07-06_1000.jpg",0,1
"EggCheck_image_2016-07-06_1030.jpg",5,0
"EggCheck_image_2016-07-06_1100.jpg",5,0
"EggCheck_image_2016-07-06_1130.jpg",5,0
"EggCheck_image_2016-07-06_1200.jpg",5,1
"EggCheck_image_2016-07-06_1230.jpg",0,1
"EggCheck_image_2016-07-06_1300.jpg",0,1
"EggCheck_image_2016-07-06_1330.jpg",0,1
"EggCheck_image_2016-07-06_1400.jpg",0,1
"EggCheck_image_2016-07-06_1430.jpg",6,0
"EggCheck_image_2016-07-06_1500.jpg",6,0
"EggCheck_image_2016-07-06_1530.jpg",0,0
"EggCheck_image_2016-07-06_1600.jpg",0,0
"EggCheck_image_2016-07-06_1630.jpg",0,0
"EggCheck_image_2016-07-06_1700.jpg",0,0
"EggCheck_image_2016-07-06_1730.jpg",0,0
"EggCheck_image_2016-07-06_1800.jpg",0,0
"EggCheck_image_2016-07-06_1830.jpg",0,0
"EggCheck_image_2016-07-06_1900.jpg",0,0
"EggCheck_image_2016-07-06_1930.jpg",0,0
"EggCheck_image_2016-07-06_2000.jpg",0,0
"EggCheck_image_2016-07-06_2030.jpg",0,0
"EggCheck_image_2016-07-06_2100.jpg",0,0
"EggCheck_image_2016-07-06_2130.jpg",0,0
"EggCheck_image_2016-07-06_2200.jpg",0,0
"EggCheck_image_2016-07-06_2230.jpg",0,0
"EggCheck_image_2016-07-06_2300.jpg",0,0
"EggCheck_image_2016-07-06_2330.jpg",0,0
"EggCheck_image_2016-07-07_0000.jpg",0,0
"EggCheck_image_2016-07-07_0030.jpg",0,0
"EggCheck_image_2016-07-07_0100.jpg",0,0
"EggCheck_image_2016-07-07_0130.jpg",0,0
"EggCheck_image_2016-07-07_0200.jpg",0,0
"EggCheck_image_2016-07-07_0230.jpg",0,0
"EggCheck_image_2016-07-07_0300.jpg",0,0
"EggCheck_image_2016-07-07_0330.jpg",0,0
"EggCheck_image_2016-07-07_0400.jpg",0,0
"EggCheck_image_2016-07-07_0430.jpg",0,0
"EggCheck_image_2016-07-07_0500.jpg",0,0
"EggCheck_image_2016-07-07_0530.jpg",0,0
"EggCheck_image_2016-07-07_0600.jpg",0,0
"EggCheck_image_2016-07-07_0630.jpg",0,0
"EggCheck_image_2016-07-07_0700.jpg",0,1
"EggCheck_image_2016-07-07_0730.jpg",2,0
"EggCheck_image_2016-07-07_0800.jpg",0,1
"EggCheck_image_2016-07-07_0830.jpg",3,0
"EggCheck_image_2016-07-07_0900.jpg",3,0
"EggCheck_image_2016-07-07_0930.jpg",3,0
"EggCheck_image_2016-07-07_1000.jpg",3,0
"EggCheck_image_2016-07-07_1030.jpg",4,0
"EggCheck_image_2016-07-07_1100.jpg",0,1
"EggCheck_image_2016-07-07_1130.jpg",5,0
"EggCheck_image_2016-07-07_1200.jpg",5,0
"EggCheck_image_2016-07-07_1230.jpg",2,1
"EggCheck_image_2016-07-07_1300.jpg",0,1
"EggCheck_image_2016-07-07_1330.jpg",0,1
"EggCheck_image_2016-07-07_1400.jpg",0,1
"EggCheck_image_2016-07-07_1430.jpg",5,0
"EggCheck_image_2016-07-07_1500.jpg",5,0
"EggCheck_image_2016-07-07_1530.jpg",5,0
"EggCheck_image_2016-07-07_1600.jpg",0,0
"EggCheck_image_2016-07-07_1630.jpg",0,0
"EggCheck_image_2016-07-07_1700.jpg",0,0
"EggCheck_image_2016-07-07_1730.jpg",0,0
"EggCheck_image_2016-07-07_1800.jpg",0,0
"EggCheck_image_2016-07-07_1830.jpg",0,0
"EggCheck_image_2016-07-07_1900.jpg",0,0
"EggCheck_image_2016-07-07_1930.jpg",0,0
"EggCheck_image_2016-07-07_2000.jpg",0,0
"EggCheck_image_2016-07-07_2030.jpg",0,0
"EggCheck_image_2016-07-07_2100.jpg",0,0
"EggCheck_image_2016-07-07_2130.jpg",0,0
"EggCheck_image_2016-07-07_2200.jpg",0,0
"EggCheck_image_2016-07-07_2230.jpg",0,0
"EggCheck_image_2016-07-07_2300.jpg",0,0
"EggCheck_image_2016-07-07_2330.jpg",0,0
"EggCheck_image_2016-07-08_0000.jpg",0,0
"EggCheck_image_2016-07-08_0030.jpg",0,0
"EggCheck_image_2016-07-08_0100.jpg",0,0
"EggCheck_image_2016-07-08_0130.jpg",0,0
"EggCheck_image_2016-07-08_0200.jpg",0,0
"EggCheck_image_2016-07-08_0230.jpg",0,0
"EggCheck_image_2016-07-08_0300.jpg",0,0
"EggCheck_image_2016-07-08_0330.jpg",0,0
"EggCheck_image_2016-07-08_0400.jpg",0,0
"EggCheck_image_2016-07-08_0430.jpg",0,0
"EggCheck_image_2016-07-08_0500.jpg",0,0
"EggCheck_image_2016-07-08_0530.jpg",0,0
"EggCheck_image_2016-07-08_0600.jpg",0,0
"EggCheck_image_2016-07-08_0630.jpg",0,1
"EggCheck_image_2016-07-08_0700.jpg",1,0
"EggCheck_image_2016-07-08_0730.jpg",0,1
"EggCheck_image_2016-07-08_0800.jpg",0,1
"EggCheck_image_2016-07-08_0830.jpg",3,1
"EggCheck_image_2016-07-08_0900.jpg",4,0
"EggCheck_image_2016-07-08_0930.jpg",4,0
"EggCheck_image_2016-07-08_1000.jpg",4,0
"EggCheck_image_2016-07-08_1030.jpg",0,1
"EggCheck_image_2016-07-08_1100.jpg",0,0
"EggCheck_image_2016-07-08_1130.jpg",0,1
"EggCheck_image_2016-07-08_1200.jpg",1,0
"EggCheck_image_2016-07-08_1230.jpg",1,0
"EggCheck_image_2016-07-08_1300.jpg",1,0
"EggCheck_image_2016-07-08_1330.jpg",1,0
"EggCheck_image_2016-07-08_1400.jpg",1,0
"EggCheck_image_2016-07-08_1430.jpg",0,1
"EggCheck_image_2016-07-08_1500.jpg",0,1
"EggCheck_image_2016-07-08_1530.jpg",0,1
"EggCheck_image_2016-07-08_1600.jpg",2,0
"EggCheck_image_2016-07-08_1630.jpg",2,0
"EggCheck_image_2016-07-08_1700.jpg",2,0
"EggCheck_image_2016-07-08_1730.jpg",0,0
"EggCheck_image_2016-07-08_1800.jpg",0,0
"EggCheck_image_2016-07-08_1830.jpg",0,0
"EggCheck_image_2016-07-08_1900.jpg",0,0
"EggCheck_image_2016-07-08_1930.jpg",0,0
"EggCheck_image_2016-07-08_2000.jpg",0,0
"EggCheck_image_2016-07-08_2030.jpg",0,0
"EggCheck_image_2016-07-08_2100.jpg",0,0
"EggCheck_image_2016-07-08_2130.jpg",0,0
"EggCheck_image_2016-07-08_2200.jpg",0,0
"EggCheck_image_2016-07-08_2230.jpg",0,0
"EggCheck_image_2016-07-08_2300.jpg",0,0
"EggCheck_image_2016-07-08_2330.jpg",0,0
"EggCheck_image_2016-07-10_0630.jpg",0,0
"EggCheck_image_2016-07-10_0700.jpg",0,1
"EggCheck_image_2016-07-10_0730.jpg",0,1
"EggCheck_image_2016-07-10_0800.jpg",0,1
"EggCheck_image_2016-07-10_0830.jpg",3,0
"EggCheck_image_2016-07-10_0900.jpg",3,0
"EggCheck_image_2016-07-10_0930.jpg",3,0
"EggCheck_image_2016-07-10_1000.jpg",3,0
"EggCheck_image_2016-07-10_1030.jpg",0,1
"EggCheck_image_2016-07-10_1100.jpg",0,1
"EggCheck_image_2016-07-10_1130.jpg",0,1
"EggCheck_image_2016-07-10_1200.jpg",0,1
"EggCheck_image_2016-07-10_1900.jpg",0,0
"EggCheck_image_2016-07-10_1930.jpg",0,0
"EggCheck_image_2016-07-10_2000.jpg",0,0
"EggCheck_image_2016-07-10_2030.jpg",0,0
"EggCheck_image_2016-07-10_2100.jpg",0,0
"EggCheck_image_2016-07-10_2130.jpg",0,0
"EggCheck_image_2016-07-10_2200.jpg",0,0
"EggCheck_image_2016-07-10_2230.jpg",0,0
"EggCheck_image_2016-07-10_2300.jpg",0,0
"EggCheck_image_2016-07-10_2330.jpg",0,0
"EggCheck_image_2016-07-11_0000.jpg",0,0
"EggCheck_image_2016-07-11_0030.jpg",0,0
"EggCheck_image_2016-07-11_0100.jpg",0,0
"EggCheck_image_2016-07-11_0130.jpg",0,0
"EggCheck_image_2016-07-11_0200.jpg",0,0
"EggCheck_image_2016-07-11_0230.jpg",0,0
"EggCheck_image_2016-07-11_0300.jpg",0,0
"EggCheck_image_2016-07-11_0330.jpg",0,0
"EggCheck_image_2016-07-11_0400.jpg",0,0
"EggCheck_image_2016-07-11_0430.jpg",0,0
"EggCheck_image_2016-07-11_0500.jpg",0,0
"EggCheck_image_2016-07-11_0530.jpg",0,0
"EggCheck_image_2016-07-11_0600.jpg",0,0
"EggCheck_image_2016-07-11_0630.jpg",0,0
"EggCheck_image_2016-07-11_0700.jpg",0,1
"EggCheck_image_2016-07-11_0730.jpg",1,1
"EggCheck_image_2016-07-11_0800.jpg",2,0
"EggCheck_image_2016-07-11_0830.jpg",3,0
"EggCheck_image_2016-07-11_0900.jpg",3,0
"EggCheck_image_2016-07-11_0930.jpg",3,0
"EggCheck_image_2016-07-11_1000.jpg",1,1
"EggCheck_image_2016-07-11_1030.jpg",1,1
"EggCheck_image_2016-07-11_1100.jpg",4,0
"EggCheck_image_2016-07-11_1130.jpg",4,0
"EggCheck_image_2016-07-11_1200.jpg",4,0
"EggCheck_image_2016-07-11_1230.jpg",4,0
"EggCheck_image_2016-07-11_1300.jpg",1,1
"EggCheck_image_2016-07-11_1330.jpg",1,1
"EggCheck_image_2016-07-11_1400.jpg",5,0
"EggCheck_image_2016-07-11_1430.jpg",5,0
"EggCheck_image_2016-07-11_1500.jpg",5,0
"EggCheck_image_2016-07-11_1530.jpg",5,0
"EggCheck_image_2016-07-11_1600.jpg",5,0
"EggCheck_image_2016-07-11_1630.jpg",5,0
"EggCheck_image_2016-07-11_1700.jpg",5,0
"EggCheck_image_2016-07-11_1730.jpg",5,0
"EggCheck_image_2016-07-11_1800.jpg",5,0
"EggCheck_image_2016-07-11_1830.jpg",5,0
"EggCheck_image_2016-07-11_1900.jpg",5,0
"EggCheck_image_2016-07-11_1930.jpg",5,0
"EggCheck_image_2016-07-11_2000.jpg",5,0
"EggCheck_image_2016-07-11_2030.jpg",5,0
"EggCheck_image_2016-07-11_2100.jpg",5,0
"EggCheck_image_2016-07-11_2130.jpg",5,0
"EggCheck_image_2016-07-11_2200.jpg",5,0
"EggCheck_image_2016-07-11_2230.jpg",5,0
"EggCheck_image_2016-07-11_2300.jpg",5,0
"EggCheck_image_2016-07-11_2330.jpg",5,0
"EggCheck_image_2016-07-12_0000.jpg",5,0
"EggCheck_image_2016-07-12_0030.jpg",5,0
"EggCheck_image_2016-07-12_0100.jpg",5,0
"EggCheck_image_2016-07-12_0130.jpg",5,0
"EggCheck_image_2016-07-12_0200.jpg",5,0
"EggCheck_image_2016-07-12_0230.jpg",5,0
"EggCheck_image_2016-07-12_0300.jpg",5,0
"EggCheck_image_2016-07-12_0330.jpg",5,0
"EggCheck_image_2016-07-12_0400.jpg",5,0
"EggCheck_image_2016-07-12_0430.jpg",5,0
"EggCheck_image_2016-07-12_0500.jpg",5,0
"EggCheck_image_2016-07-12_0530.jpg",5,0
"EggCheck_image_2016-07-12_0600.jpg",5,0
"EggCheck_image_2016-07-12_0630.jpg",5,0
"EggCheck_image_2016-07-12_0700.jpg",5,0
"EggCheck_image_2016-07-12_0730.jpg",1,1
"EggCheck_image_2016-07-12_0800.jpg",0,1
"EggCheck_image_2016-07-12_0830.jpg",0,1
"EggCheck_image_2016-07-12_0900.jpg",4,1
"EggCheck_image_2016-07-12_0930.jpg",10,0
"EggCheck_image_2016-07-12_1000.jpg",10,0
"EggCheck_image_2016-07-12_1030.jpg",10,0
"EggCheck_image_2016-07-12_1100.jpg",10,0
"EggCheck_image_2016-07-12_1130.jpg",10,0
"EggCheck_image_2016-07-12_1200.jpg",10,0
"EggCheck_image_2016-07-12_1230.jpg",10,0
"EggCheck_image_2016-07-12_1300.jpg",10,0
"EggCheck_image_2016-07-12_1330.jpg",10,0
"EggCheck_image_2016-07-12_1400.jpg",11,1
"EggCheck_image_2016-07-12_1430.jpg",11,0
"EggCheck_image_2016-07-12_1500.jpg",11,0
"EggCheck_image_2016-07-12_1530.jpg",11,0
"EggCheck_image_2016-07-12_1600.jpg",11,0
"EggCheck_image_2016-07-12_1630.jpg",0,0
"EggCheck_image_2016-07-12_1700.jpg",0,0
"EggCheck_image_2016-07-12_1730.jpg",0,0
"EggCheck_image_2016-07-12_1800.jpg",0,0
"EggCheck_image_2016-07-12_1830.jpg",0,0
"EggCheck_image_2016-07-12_1900.jpg",0,0
"EggCheck_image_2016-07-12_1930.jpg",0,0
"EggCheck_image_2016-07-12_2000.jpg",0,0
"EggCheck_image_2016-07-12_2030.jpg",0,0
"EggCheck_image_2016-07-12_2100.jpg",0,0
"EggCheck_image_2016-07-12_2130.jpg",0,0
"EggCheck_image_2016-07-12_2200.jpg",0,0
"EggCheck_image_2016-07-12_2230.jpg",0,0
"EggCheck_image_2016-07-12_2300.jpg",0,0
"EggCheck_image_2016-07-12_2330.jpg",0,0
"EggCheck_image_2016-07-13_0000.jpg",0,0
"EggCheck_image_2016-07-13_0030.jpg",0,0
"EggCheck_image_2016-07-13_0100.jpg",0,0
"EggCheck_image_2016-07-13_0130.jpg",0,0
"EggCheck_image_2016-07-13_0200.jpg",0,0
"EggCheck_image_2016-07-13_0230.jpg",0,0
"EggCheck_image_2016-07-13_0300.jpg",0,0
"EggCheck_image_2016-07-13_0330.jpg",0,0
"EggCheck_image_2016-07-13_0400.jpg",0,0
"EggCheck_image_2016-07-13_0430.jpg",0,0
"EggCheck_image_2016-07-13_0500.jpg",0,0
"EggCheck_image_2016-07-13_0530.jpg",0,0
"EggCheck_image_2016-07-13_0600.jpg",0,1
"EggCheck_image_2016-07-13_0630.jpg",1,1
"EggCheck_image_2016-07-13_0700.jpg",1,0
"EggCheck_image_2016-07-13_0730.jpg",0,1
"EggCheck_image_2016-07-13_0800.jpg",2,1
"EggCheck_image_2016-07-13_0830.jpg",0,1
"EggCheck_image_2016-07-13_0900.jpg",4,0
"EggCheck_image_2016-07-13_0930.jpg",4,0
"EggCheck_image_2016-07-13_1000.jpg",4,0
"EggCheck_image_2016-07-13_1030.jpg",4,0
"EggCheck_image_2016-07-13_1100.jpg",4,0
"EggCheck_image_2016-07-13_1130.jpg",4,0
"EggCheck_image_2016-07-13_1200.jpg",0,1
"EggCheck_image_2016-07-13_1230.jpg",0,1
"EggCheck_image_2016-07-13_1300.jpg",0,1
"EggCheck_image_2016-07-13_1330.jpg",0,1
"EggCheck_image_2016-07-13_1400.jpg",0,0
"EggCheck_image_2016-07-13_1430.jpg",0,1
"EggCheck_image_2016-07-13_1500.jpg",0,1
"EggCheck_image_2016-07-13_1530.jpg",1,0
"EggCheck_image_2016-07-13_1600.jpg",1,0
"EggCheck_image_2016-07-13_1630.jpg",1,0
"EggCheck_image_2016-07-13_1700.jpg",1,0
"EggCheck_image_2016-07-13_1730.jpg",1,0
"EggCheck_image_2016-07-13_1800.jpg",1,0
"EggCheck_image_2016-07-13_1830.jpg",1,0
"EggCheck_image_2016-07-13_1900.jpg",1,0
"EggCheck_image_2016-07-13_1930.jpg",1,0
"EggCheck_image_2016-07-13_2000.jpg",1,0
"EggCheck_image_2016-07-13_2030.jpg",1,0
"EggCheck_image_2016-07-13_2100.jpg",1,0
"EggCheck_image_2016-07-13_2130.jpg",1,0
"EggCheck_image_2016-07-13_2200.jpg",1,0
"EggCheck_image_2016-07-13_2230.jpg",1,0
"EggCheck_image_2016-07-13_2300.jpg",1,0
"EggCheck_image_2016-07-13_2330.jpg",1,0
"EggCheck_image_2016-07-14_0000.jpg",1,0
"EggCheck_image_2016-07-14_0030.jpg",1,0
"EggCheck_image_2016-07-14_0100.jpg",1,0
"EggCheck_image_2016-07-14_0130.jpg",1,0
"EggCheck_image_2016-07-14_0200.jpg",1,0
"EggCheck_image_2016-07-14_0230.jpg",1,0
"EggCheck_image_2016-07-14_0300.jpg",1,0
"EggCheck_image_2016-07-14_0330.jpg",1,0
"EggCheck_image_2016-07-14_0400.jpg",1,0
"EggCheck_image_2016-07-14_0430.jpg",1,0
"EggCheck_image_2016-07-14_0500.jpg",1,0
"EggCheck_image_2016-07-14_0530.jpg",1,0
"EggCheck_image_2016-07-14_0600.jpg",1,0
"EggCheck_image_2016-07-14_0630.jpg",1,0
"EggCheck_image_2016-07-14_0700.jpg",0,1
"EggCheck_image_2016-07-14_0730.jpg",1,1
"EggCheck_image_2016-07-14_0800.jpg",1,1
"EggCheck_image_2016-07-14_0830.jpg",5,0
"EggCheck_image_2016-07-14_0900.jpg",5,0
"EggCheck_image_2016-07-14_0930.jpg",5,0
"EggCheck_image_2016-07-14_1000.jpg",5,0
"EggCheck_image_2016-07-14_1030.jpg",5,0
"EggCheck_image_2016-07-14_1100.jpg",5,1
"EggCheck_image_2016-07-14_1130.jpg",6,0
"EggCheck_image_2016-07-14_1200.jpg",6,0
"EggCheck_image_2016-07-14_1230.jpg",6,0
"EggCheck_image_2016-07-14_1300.jpg",6,0
"EggCheck_image_2016-07-14_1330.jpg",6,0
"EggCheck_image_2016-07-14_1400.jpg",6,0
"EggCheck_image_2016-07-14_1430.jpg",6,0
"EggCheck_image_2016-07-14_1500.jpg",6,0
"EggCheck_image_2016-07-14_1530.jpg",6,0
"EggCheck_image_2016-07-14_1600.jpg",0,0
"EggCheck_image_2016-07-14_1630.jpg",0,0
"EggCheck_image_2016-07-14_1700.jpg",0,0
"EggCheck_image_2016-07-14_1730.jpg",0,0
"EggCheck_image_2016-07-14_1800.jpg",0,0
"EggCheck_image_2016-07-14_1830.jpg",0,0
"EggCheck_image_2016-07-14_1900.jpg",0,0
"EggCheck_image_2016-07-14_1930.jpg",0,0
"EggCheck_image_2016-07-14_2000.jpg",0,0
"EggCheck_image_2016-07-14_2030.jpg",0,0
"EggCheck_image_2016-07-14_2100.jpg",0,0
"EggCheck_image_2016-07-14_2130.jpg",0,0
"EggCheck_image_2016-07-14_2200.jpg",0,0
"EggCheck_image_2016-07-14_2230.jpg",0,0
"EggCheck_image_2016-07-14_2300.jpg",0,0
"EggCheck_image_2016-07-14_2330.jpg",0,0
"EggCheck_image_2016-07-15_0000.jpg",0,0
"EggCheck_image_2016-07-15_0030.jpg",0,0
"EggCheck_image_2016-07-15_0100.jpg",0,0
"EggCheck_image_2016-07-15_0130.jpg",0,0
"EggCheck_image_2016-07-15_0200.jpg",0,0
"EggCheck_image_2016-07-15_0230.jpg",0,0
"EggCheck_image_2016-07-15_0300.jpg",0,0
"EggCheck_image_2016-07-15_0330.jpg",0,0
"EggCheck_image_2016-07-15_0400.jpg",0,0
"EggCheck_image_2016-07-15_0430.jpg",0,0
"EggCheck_image_2016-07-15_0500.jpg",0,0
"EggCheck_image_2016-07-15_0530.jpg",0,0
"EggCheck_image_2016-07-15_0600.jpg",0,0
"EggCheck_image_2016-07-15_0630.jpg",0,0
"EggCheck_image_2016-07-15_0700.jpg",1,1
"EggCheck_image_2016-07-15_0730.jpg",0,1
"EggCheck_image_2016-07-15_0800.jpg",0,1
"EggCheck_image_2016-07-15_0830.jpg",0,1
"EggCheck_image_2016-07-15_0900.jpg",3,1
"EggCheck_image_2016-07-15_0930.jpg",5,0
"EggCheck_image_2016-07-15_1000.jpg",5,0
"EggCheck_image_2016-07-15_1030.jpg",5,0
"EggCheck_image_2016-07-15_1100.jpg",5,0
"EggCheck_image_2016-07-15_1130.jpg",5,0
"EggCheck_image_2016-07-15_1200.jpg",5,0
"EggCheck_image_2016-07-15_1230.jpg",5,0
"EggCheck_image_2016-07-15_1300.jpg",5,0
"EggCheck_image_2016-07-15_1330.jpg",5,0
"EggCheck_image_2016-07-15_1400.jpg",1,1
"EggCheck_image_2016-07-15_1430.jpg",6,0
"EggCheck_image_2016-07-15_1500.jpg",6,0
"EggCheck_image_2016-07-15_1530.jpg",6,0
"EggCheck_image_2016-07-15_1600.jpg",6,0
"EggCheck_image_2016-07-15_1630.jpg",6,0
"EggCheck_image_2016-07-15_1700.jpg",0,0
"EggCheck_image_2016-07-15_1730.jpg",0,0
"EggCheck_image_2016-07-15_1800.jpg",0,0
"EggCheck_image_2016-07-15_1830.jpg",0,0
"EggCheck_image_2016-07-15_1900.jpg",0,0
"EggCheck_image_2016-07-15_1930.jpg",0,0
"EggCheck_image_2016-07-15_2000.jpg",0,0
"EggCheck_image_2016-07-15_2030.jpg",0,0
"EggCheck_image_2016-07-15_2100.jpg",0,0
"EggCheck_image_2016-07-15_2130.jpg",0,0
"EggCheck_image_2016-07-15_2200.jpg",0,0
"EggCheck_image_2016-07-15_2230.jpg",0,0
"EggCheck_image_2016-07-15_2300.jpg",0,0
"EggCheck_image_2016-07-15_2330.jpg",0,0
"EggCheck_image_2016-07-16_0000.jpg",0,0
"EggCheck_image_2016-07-16_0030.jpg",0,0
"EggCheck_image_2016-07-16_0100.jpg",0,0
"EggCheck_image_2016-07-16_0130.jpg",0,0
"EggCheck_image_2016-07-16_0200.jpg",0,0
"EggCheck_image_2016-07-16_0230.jpg",0,0
"EggCheck_image_2016-07-16_0300.jpg",0,0
"EggCheck_image_2016-07-16_0330.jpg",0,0
"EggCheck_image_2016-07-16_0400.jpg",0,0
"EggCheck_image_2016-07-16_0430.jpg",0,0
"EggCheck_image_2016-07-16_0500.jpg",0,0
"EggCheck_image_2016-07-16_0530.jpg",0,0
"EggCheck_image_2016-07-16_0600.jpg",0,1
"EggCheck_image_2016-07-16_0630.jpg",1,0
"EggCheck_image_2016-07-16_0700.jpg",1,0
"EggCheck_image_2016-07-16_0730.jpg",1,0
"EggCheck_image_2016-07-16_0800.jpg",0,1
"EggCheck_image_2016-07-16_0830.jpg",0,1
"EggCheck_image_2016-07-16_0900.jpg",0,1
"EggCheck_image_2016-07-16_0930.jpg",4,0
"EggCheck_image_2016-07-16_1000.jpg",4,0
"EggCheck_image_2016-07-16_1030.jpg",0,1
"EggCheck_image_2016-07-16_1100.jpg",5,0
"EggCheck_image_2016-07-16_1130.jpg",5,0
"EggCheck_image_2016-07-16_1200.jpg",5,0
"EggCheck_image_2016-07-16_1230.jpg",5,0
"EggCheck_image_2016-07-16_1300.jpg",5,0
"EggCheck_image_2016-07-16_1330.jpg",5,0
"EggCheck_image_2016-07-16_1400.jpg",0,0
"EggCheck_image_2016-07-16_1430.jpg",0,0
"EggCheck_image_2016-07-16_1500.jpg",0,0
"EggCheck_image_2016-07-16_1530.jpg",0,0
"EggCheck_image_2016-07-16_1600.jpg",0,0
"EggCheck_image_2016-07-16_1630.jpg",0,0
"EggCheck_image_2016-07-16_1700.jpg",0,0
"EggCheck_image_2016-07-16_1730.jpg",0,0
"EggCheck_image_2016-07-16_1800.jpg",0,0
"EggCheck_image_2016-07-16_1830.jpg",0,0
"EggCheck_image_2016-07-16_1900.jpg",0,0
"EggCheck_image_2016-07-16_1930.jpg",0,0
"EggCheck_image_2016-07-16_2000.jpg",0,0
"EggCheck_image_2016-07-16_2030.jpg",0,0
"EggCheck_image_2016-07-16_2100.jpg",0,0
"EggCheck_image_2016-07-16_2130.jpg",0,0
"EggCheck_image_2016-07-16_2200.jpg",0,0
"EggCheck_image_2016-07-16_2230.jpg",0,0
"EggCheck_image_2016-07-16_2300.jpg",0,0
"EggCheck_image_2016-07-16_2330.jpg",0,0
"EggCheck_image_2016-07-17_0000.jpg",0,0
"EggCheck_image_2016-07-17_0030.jpg",0,0
"EggCheck_image_2016-07-17_0100.jpg",0,0
"EggCheck_image_2016-07-17_0130.jpg",0,0
"EggCheck_image_2016-07-17_0200.jpg",0,0
"EggCheck_image_2016-07-17_0230.jpg",0,0
"EggCheck_image_2016-07-17_0300.jpg",0,0
"EggCheck_image_2016-07-17_0330.jpg",0,0
"EggCheck_image_2016-07-17_0400.jpg",0,0
"EggCheck_image_2016-07-17_0430.jpg",0,0
"EggCheck_image_2016-07-17_0500.jpg",0,0
"EggCheck_image_2016-07-17_0530.jpg",0,0
"EggCheck_image_2016-07-17_0600.jpg",0,0
"EggCheck_image_2016-07-17_0630.jpg",0,1
"EggCheck_image_2016-07-17_0700.jpg",1,0
"EggCheck_image_2016-07-17_0730.jpg",1,0
"EggCheck_image_2016-07-17_0800.jpg",0,1
"EggCheck_image_2016-07-17_0830.jpg",0,1
"EggCheck_image_2016-07-17_0900.jpg",3,0
"EggCheck_image_2016-07-17_0930.jpg",0,1
"EggCheck_image_2016-07-17_1000.jpg",4,0
"EggCheck_image_2016-07-17_1030.jpg",4,0
"EggCheck_image_2016-07-17_1100.jpg",4,0
"EggCheck_image_2016-07-17_1130.jpg",4,0
"EggCheck_image_2016-07-17_1200.jpg",4,0
"EggCheck_image_2016-07-17_1230.jpg",0,1
"EggCheck_image_2016-07-17_1300.jpg",0,1
"EggCheck_image_2016-07-17_1330.jpg",0,1
"EggCheck_image_2016-07-17_1400.jpg",5,0
"EggCheck_image_2016-07-17_1430.jpg",5,1
"EggCheck_image_2016-07-17_1500.jpg",2,1
"EggCheck_image_2016-07-17_1530.jpg",6,0
"EggCheck_image_2016-07-17_1600.jpg",6,0
"EggCheck_image_2016-07-17_1630.jpg",0,0
"EggCheck_image_2016-07-17_1700.jpg",0,0
"EggCheck_image_2016-07-17_1730.jpg",0,0
"EggCheck_image_2016-07-17_1800.jpg",0,0
"EggCheck_image_2016-07-17_1830.jpg",0,0
"EggCheck_image_2016-07-17_1900.jpg",0,0
"EggCheck_image_2016-07-17_1930.jpg",0,0
"EggCheck_image_2016-07-17_2000.jpg",0,0
